2025-11-28 15:25:32,937 - Knowledge - INFO - Created shared MongoDB connection pool
2025-11-28 15:25:33,282 - Knowledge - INFO - Starting Knowledge Graph processing with 20 threads
2025-11-28 15:25:33,483 - Knowledge - INFO - Initial configuration: chunk_size=65536, max_cache_size=500
2025-11-28 15:25:33,664 - Knowledge - INFO - Knowledge Graph concurrency configuration: workers=20, max_batch_size=25, max_concurrent_llm_calls=50
2025-11-28 15:25:35,284 - Knowledge - INFO - 🔍 _load_persisted_knowledge called - checking for Redis optimization
2025-11-28 15:25:35,490 - Knowledge - WARNING - ❌ load_from_redis method not found - Redis support not attached
2025-11-28 15:25:35,708 - Knowledge - INFO - load persisted knowledge: begin
2025-11-28 15:25:35,908 - Knowledge - INFO - Loaded 0 files from persisted knowledge
2025-11-28 15:25:36,107 - Knowledge - INFO - load persisted knowledge: end
2025-11-28 15:25:36,296 - Knowledge - WARNING - No persisted knowledge found. Files will be queued during start()
2025-11-28 15:25:36,458 - Knowledge - INFO - Redis support added with prefix knowledge:b23749o:
2025-11-28 15:25:36,806 - Knowledge - INFO - Starting knowledge initialization for ID: RE04tN-b23749o
2025-11-28 15:25:36,973 - Knowledge - INFO - 🔍 Checking Redis for build_id: b23749o
2025-11-28 15:25:37,203 - Knowledge - INFO - 🔍 Full session ID: RE04tN-b23749o
2025-11-28 15:25:37,381 - Knowledge - INFO - 🔍 Redis prefix will be: knowledge:b23749o:
2025-11-28 15:25:37,560 - Knowledge - INFO - 🔍 Using attached load_from_redis() method
2025-11-28 15:25:37,720 - Knowledge - INFO - 🔍 Attempting to load knowledge from Redis...
2025-11-28 15:25:37,934 - Knowledge - INFO - 🔍 Using derived instance_id for Redis lookup: b23749o
2025-11-28 15:25:40,835 - Knowledge - WARNING - ❌ No Redis cache found
2025-11-28 15:25:43,712 - Knowledge - INFO - 📁 Loading knowledge from disk...
2025-11-28 15:25:43,958 - Knowledge - INFO - load persisted docinfo: begin
2025-11-28 15:25:44,143 - Knowledge - INFO - load persisted docinfo: end
2025-11-28 15:25:44,314 - Knowledge - INFO - 🔍 _load_persisted_knowledge called - checking for Redis optimization
2025-11-28 15:25:44,530 - Knowledge - INFO - ✅ load_from_redis method found - attempting Redis load
2025-11-28 15:25:44,689 - Knowledge - INFO - 🔍 Attempting to load knowledge from Redis...
2025-11-28 15:25:44,849 - Knowledge - INFO - 🔍 Using derived instance_id for Redis lookup: b23749o
2025-11-28 15:25:47,626 - Knowledge - WARNING - ❌ No Redis cache found
2025-11-28 15:25:47,837 - Knowledge - INFO - ❌ Redis load returned False - falling back to file loading
2025-11-28 15:25:48,034 - Knowledge - INFO - load persisted knowledge: begin
2025-11-28 15:25:48,251 - Knowledge - INFO - Loaded 0 files from persisted knowledge
2025-11-28 15:25:48,438 - Knowledge - INFO - load persisted knowledge: end
2025-11-28 15:25:48,651 - Knowledge - INFO - 📁 Disk load complete in 4.75s
2025-11-28 15:25:48,845 - Knowledge - INFO - Populating ingest queue with source files...
2025-11-28 15:25:49,230 - Knowledge - INFO - Added 60 files from /app/data/T0015/283789/b23749o/ez-learning-283789 to ingest queue
2025-11-28 15:25:49,422 - Knowledge - INFO - Worker kw1 created using shared MongoDB connection pool
2025-11-28 15:25:49,627 - Knowledge - INFO - knowledge worker kw1 start
2025-11-28 15:25:49,627 - Knowledge - INFO - Worker kw2 created using shared MongoDB connection pool
2025-11-28 15:25:49,806 - Knowledge - INFO - [kw1] Queue=60, InProgress=0, PendingWorkers=0/1, Completed=0/60 (0.0%)
2025-11-28 15:25:49,898 - Knowledge - INFO - knowledge worker kw2 start
2025-11-28 15:25:49,898 - Knowledge - INFO - Worker kw3 created using shared MongoDB connection pool
2025-11-28 15:25:50,032 - Knowledge - INFO - Batch sizing: calculated=10, max_allowed=25, queue=60, active_workers=0/2
2025-11-28 15:25:50,121 - Knowledge - INFO - [kw2] Queue=60, InProgress=0, PendingWorkers=0/2, Completed=0/60 (0.0%)
2025-11-28 15:25:50,202 - Knowledge - INFO - knowledge worker kw3 start
2025-11-28 15:25:50,202 - Knowledge - INFO - Worker kw4 created using shared MongoDB connection pool
2025-11-28 15:25:50,262 - Knowledge - INFO - Worker kw1 processing /app/data/T0015/283789/b23749o/ez-learning-283789/src/test/java/com/ezlearning/platform/PlatformApplicationTests.java
2025-11-28 15:25:50,375 - Knowledge - INFO - Batch sizing: calculated=10, max_allowed=25, queue=60, active_workers=1/3
2025-11-28 15:25:50,485 - Knowledge - INFO - [kw3] Queue=50, InProgress=0, PendingWorkers=1/3, Completed=0/60 (0.0%)
2025-11-28 15:25:50,615 - Knowledge - INFO - knowledge worker kw4 start
2025-11-28 15:25:50,616 - Knowledge - INFO - Worker kw5 created using shared MongoDB connection pool
2025-11-28 15:25:50,721 - Knowledge - INFO - Fast-tracked /app/data/T0015/283789/b23749o/ez-learning-283789/src/test/java/com/ezlearning/platform/PlatformApplicationTests.java (ext=.java, size=351)
2025-11-28 15:25:50,787 - Knowledge - INFO - Worker kw2 processing /app/data/T0015/283789/b23749o/ez-learning-283789/src/main/java/com/ezlearning/platform/controller/APIController.java
2025-11-28 15:25:50,873 - Knowledge - INFO - Batch sizing: calculated=10, max_allowed=25, queue=50, active_workers=2/4
2025-11-28 15:25:51,046 - Knowledge - INFO - [kw4] Queue=40, InProgress=0, PendingWorkers=2/4, Completed=0/60 (0.0%)
2025-11-28 15:25:51,125 - Knowledge - INFO - knowledge worker kw5 start
2025-11-28 15:25:51,125 - Knowledge - INFO - Worker kw6 created using shared MongoDB connection pool
2025-11-28 15:25:51,226 - Knowledge - INFO - Worker kw1 processing /app/data/T0015/283789/b23749o/ez-learning-283789/src/main/java/com/ezlearning/platform/repositories/ProfesorRepository.java
2025-11-28 15:25:51,315 - Knowledge - INFO - Fast-tracked /app/data/T0015/283789/b23749o/ez-learning-283789/src/main/java/com/ezlearning/platform/controller/APIController.java (ext=.java, size=1190)
2025-11-28 15:25:51,401 - Knowledge - INFO - Worker kw3 processing /app/data/T0015/283789/b23749o/ez-learning-283789/src/main/java/com/ezlearning/platform/auth/UserRepository.java
2025-11-28 15:25:51,508 - Knowledge - INFO - Batch sizing: calculated=10, max_allowed=25, queue=40, active_workers=3/5
2025-11-28 15:25:51,602 - Knowledge - INFO - [kw5] Queue=30, InProgress=0, PendingWorkers=3/5, Completed=0/60 (0.0%)
2025-11-28 15:25:51,719 - Knowledge - INFO - knowledge worker kw6 start
2025-11-28 15:25:51,719 - Knowledge - INFO - Worker kw7 created using shared MongoDB connection pool
2025-11-28 15:25:51,804 - Knowledge - INFO - Fast-tracked /app/data/T0015/283789/b23749o/ez-learning-283789/src/main/java/com/ezlearning/platform/repositories/ProfesorRepository.java (ext=.java, size=242)
2025-11-28 15:25:51,923 - Knowledge - INFO - Worker kw2 processing /app/data/T0015/283789/b23749o/ez-learning-283789/src/main/java/com/ezlearning/platform/controller/UserController.java
2025-11-28 15:25:51,995 - Knowledge - INFO - Fast-tracked /app/data/T0015/283789/b23749o/ez-learning-283789/src/main/java/com/ezlearning/platform/auth/UserRepository.java (ext=.java, size=258)
2025-11-28 15:25:52,110 - Knowledge - INFO - Worker kw4 processing /app/data/T0015/283789/b23749o/ez-learning-283789/src/main/java/com/ezlearning/platform/dto/CursoDto.java
2025-11-28 15:25:52,204 - Knowledge - INFO - Batch sizing: calculated=10, max_allowed=25, queue=30, active_workers=4/6
2025-11-28 15:25:52,323 - Knowledge - INFO - [kw6] Queue=20, InProgress=0, PendingWorkers=4/6, Completed=0/60 (0.0%)
2025-11-28 15:25:52,385 - Knowledge - INFO - knowledge worker kw7 start
2025-11-28 15:25:52,385 - Knowledge - INFO - Worker kw8 created using shared MongoDB connection pool
2025-11-28 15:25:52,491 - Knowledge - INFO - Worker kw1 processing /app/data/T0015/283789/b23749o/ez-learning-283789/src/main/java/com/ezlearning/platform/repositories/CursoRepository.java
2025-11-28 15:25:52,605 - Knowledge - INFO - Fast-tracked /app/data/T0015/283789/b23749o/ez-learning-283789/src/main/java/com/ezlearning/platform/controller/UserController.java (ext=.java, size=1046)
2025-11-28 15:25:52,709 - Knowledge - INFO - Worker kw3 processing /app/data/T0015/283789/b23749o/ez-learning-283789/src/main/java/com/ezlearning/platform/auth/User.java
2025-11-28 15:25:52,785 - Knowledge - INFO - Fast-tracked /app/data/T0015/283789/b23749o/ez-learning-283789/src/main/java/com/ezlearning/platform/dto/CursoDto.java (ext=.java, size=463)
2025-11-28 15:25:52,885 - Knowledge - INFO - Worker kw5 processing /app/data/T0015/283789/b23749o/ez-learning-283789/src/main/resources/templates/profesores/profesores.html
2025-11-28 15:25:52,959 - Knowledge - INFO - Batch sizing: calculated=10, max_allowed=25, queue=20, active_workers=5/7
2025-11-28 15:25:53,036 - Knowledge - INFO - [kw7] Queue=10, InProgress=0, PendingWorkers=5/7, Completed=0/60 (0.0%)
2025-11-28 15:25:53,132 - Knowledge - INFO - knowledge worker kw8 start
2025-11-28 15:25:53,132 - Knowledge - INFO - Worker kw9 created using shared MongoDB connection pool
2025-11-28 15:25:53,213 - Knowledge - INFO - Fast-tracked /app/data/T0015/283789/b23749o/ez-learning-283789/src/main/java/com/ezlearning/platform/repositories/CursoRepository.java (ext=.java, size=406)
2025-11-28 15:25:53,290 - Knowledge - INFO - Worker kw2 processing /app/data/T0015/283789/b23749o/ez-learning-283789/src/main/java/com/ezlearning/platform/services/core/impl/UserService.java
2025-11-28 15:25:53,377 - Knowledge - INFO - Fast-tracked /app/data/T0015/283789/b23749o/ez-learning-283789/src/main/java/com/ezlearning/platform/auth/User.java (ext=.java, size=1316)
2025-11-28 15:25:53,520 - Knowledge - INFO - Worker kw4 processing /app/data/T0015/283789/b23749o/ez-learning-283789/src/main/resources/static/css/style.css
2025-11-28 15:25:53,601 - Knowledge - INFO - Worker kw5 processing /app/data/T0015/283789/b23749o/ez-learning-283789/src/main/resources/templates/register.html
2025-11-28 15:25:53,686 - Knowledge - INFO - Worker kw6 processing /app/data/T0015/283789/b23749o/ez-learning-283789/src/main/resources/templates/fragments/footer.html
2025-11-28 15:25:53,779 - Knowledge - INFO - Batch sizing: calculated=10, max_allowed=25, queue=10, active_workers=6/8
2025-11-28 15:25:53,997 - Knowledge - INFO - knowledge worker kw9 start
2025-11-28 15:25:54,007 - Knowledge - INFO - Worker kw10 created using shared MongoDB connection pool
2025-11-28 15:25:54,116 - Knowledge - INFO - Worker kw1 processing /app/data/T0015/283789/b23749o/ez-learning-283789/src/main/java/com/ezlearning/platform/repositories/MatriculaRepository.java
2025-11-28 15:25:54,230 - Knowledge - INFO - Worker kw2 processing /app/data/T0015/283789/b23749o/ez-learning-283789/src/main/java/com/ezlearning/platform/services/core/impl/ProfesorService.java
2025-11-28 15:25:54,365 - Knowledge - INFO - Worker kw3 processing /app/data/T0015/283789/b23749o/ez-learning-283789/src/main/java/com/ezlearning/platform/auth/AuthGroup.java
2025-11-28 15:25:54,525 - Knowledge - INFO - Fast-tracked /app/data/T0015/283789/b23749o/ez-learning-283789/src/main/resources/static/css/style.css (ext=.css, size=2353)
2025-11-28 15:25:54,612 - Knowledge - INFO - Worker kw5 processing /app/data/T0015/283789/b23749o/ez-learning-283789/src/main/resources/templates/login.html
2025-11-28 15:25:54,700 - Knowledge - INFO - Fast-tracked /app/data/T0015/283789/b23749o/ez-learning-283789/src/main/resources/templates/fragments/footer.html (ext=.html, size=1349)
2025-11-28 15:25:54,999 - Knowledge - INFO - knowledge worker kw10 start
2025-11-28 15:25:55,000 - Knowledge - INFO - Worker kw11 created using shared MongoDB connection pool
2025-11-28 15:25:55,113 - Knowledge - INFO - Fast-tracked /app/data/T0015/283789/b23749o/ez-learning-283789/src/main/java/com/ezlearning/platform/repositories/MatriculaRepository.java (ext=.java, size=523)
2025-11-28 15:25:55,189 - Knowledge - INFO - Worker kw2 processing /app/data/T0015/283789/b23749o/ez-learning-283789/src/main/java/com/ezlearning/platform/services/core/impl/CursoService.java
2025-11-28 15:25:55,273 - Knowledge - INFO - Fast-tracked /app/data/T0015/283789/b23749o/ez-learning-283789/src/main/java/com/ezlearning/platform/auth/AuthGroup.java (ext=.java, size=625)
2025-11-28 15:25:55,367 - Knowledge - INFO - Worker kw4 processing /app/data/T0015/283789/b23749o/ez-learning-283789/src/main/resources/static/css/materialize.css
2025-11-28 15:25:55,482 - Knowledge - INFO - Worker kw5 processing /app/data/T0015/283789/b23749o/ez-learning-283789/src/main/resources/templates/discover.html
2025-11-28 15:25:55,603 - Knowledge - INFO - Worker kw6 processing /app/data/T0015/283789/b23749o/ez-learning-283789/src/main/resources/templates/fragments/head.html
2025-11-28 15:25:55,809 - Knowledge - INFO - knowledge worker kw11 start
2025-11-28 15:25:55,810 - Knowledge - INFO - Worker kw12 created using shared MongoDB connection pool
2025-11-28 15:25:55,920 - Knowledge - INFO - Worker kw1 processing /app/data/T0015/283789/b23749o/ez-learning-283789/src/main/java/com/ezlearning/platform/security/ApplicationSecurityConfiguration.java
2025-11-28 15:25:56,007 - Knowledge - INFO - Worker kw2 processing /app/data/T0015/283789/b23749o/ez-learning-283789/src/main/java/com/ezlearning/platform/services/core/impl/MatriculaService.java
2025-11-28 15:25:56,112 - Knowledge - INFO - Worker kw3 processing /app/data/T0015/283789/b23749o/ez-learning-283789/src/main/java/com/ezlearning/platform/model/Profesor.java
2025-11-28 15:25:56,211 - Knowledge - INFO - Fast-tracked /app/data/T0015/283789/b23749o/ez-learning-283789/src/main/resources/static/css/materialize.css (ext=.css, size=179177)
2025-11-28 15:25:56,278 - Knowledge - INFO - Worker kw5 processing /app/data/T0015/283789/b23749o/ez-learning-283789/src/main/resources/templates/registered.html
2025-11-28 15:25:56,350 - Knowledge - INFO - Fast-tracked /app/data/T0015/283789/b23749o/ez-learning-283789/src/main/resources/templates/fragments/head.html (ext=.html, size=592)
2025-11-28 15:25:56,556 - Knowledge - INFO - knowledge worker kw12 start
2025-11-28 15:25:56,557 - Knowledge - INFO - Worker kw13 created using shared MongoDB connection pool
2025-11-28 15:25:56,639 - Knowledge - INFO - Worker kw1 processing /app/data/T0015/283789/b23749o/ez-learning-283789/src/main/java/com/ezlearning/platform/controller/CursoController.java
2025-11-28 15:25:56,732 - Knowledge - INFO - Fast-tracked /app/data/T0015/283789/b23749o/ez-learning-283789/src/main/java/com/ezlearning/platform/services/core/impl/MatriculaService.java (ext=.java, size=1530)
2025-11-28 15:25:56,842 - Knowledge - INFO - Fast-tracked /app/data/T0015/283789/b23749o/ez-learning-283789/src/main/java/com/ezlearning/platform/model/Profesor.java (ext=.java, size=1167)
2025-11-28 15:25:56,916 - Knowledge - INFO - Worker kw4 processing /app/data/T0015/283789/b23749o/ez-learning-283789/src/main/resources/static/js/materialize.js
2025-11-28 15:25:57,032 - Knowledge - INFO - Fast-tracked /app/data/T0015/283789/b23749o/ez-learning-283789/src/main/resources/templates/registered.html (ext=.html, size=1271)
2025-11-28 15:25:57,125 - Knowledge - INFO - Worker kw6 processing /app/data/T0015/283789/b23749o/ez-learning-283789/src/main/resources/templates/user/profile.html
2025-11-28 15:25:57,297 - Knowledge - INFO - knowledge worker kw13 start
2025-11-28 15:25:57,297 - Knowledge - INFO - Worker kw14 created using shared MongoDB connection pool
2025-11-28 15:25:57,395 - Knowledge - INFO - Worker kw1 processing /app/data/T0015/283789/b23749o/ez-learning-283789/src/main/java/com/ezlearning/platform/controller/ProfesorController.java
2025-11-28 15:25:57,516 - Knowledge - INFO - Worker kw2 processing /app/data/T0015/283789/b23749o/ez-learning-283789/src/main/java/com/ezlearning/platform/services/core/GenericService.java
2025-11-28 15:25:57,589 - Knowledge - INFO - Worker kw3 processing /app/data/T0015/283789/b23749o/ez-learning-283789/src/main/java/com/ezlearning/platform/model/Curso.java
2025-11-28 15:25:57,666 - Knowledge - INFO - Fast-tracked /app/data/T0015/283789/b23749o/ez-learning-283789/src/main/resources/static/js/materialize.js (ext=.js, size=382036)
2025-11-28 15:25:57,753 - Knowledge - INFO - Worker kw5 processing /app/data/T0015/283789/b23749o/ez-learning-283789/src/main/resources/templates/error.html
2025-11-28 15:25:57,864 - Knowledge - INFO - Worker kw6 processing /app/data/T0015/283789/b23749o/ez-learning-283789/src/main/resources/templates/user/user-edit.html
2025-11-28 15:25:58,065 - Knowledge - INFO - knowledge worker kw14 start
2025-11-28 15:25:58,065 - Knowledge - INFO - Worker kw15 created using shared MongoDB connection pool
2025-11-28 15:25:58,145 - Knowledge - INFO - Worker kw1 processing /app/data/T0015/283789/b23749o/ez-learning-283789/src/main/java/com/ezlearning/platform/controller/SecurityController.java
2025-11-28 15:25:58,216 - Knowledge - INFO - Fast-tracked /app/data/T0015/283789/b23749o/ez-learning-283789/src/main/java/com/ezlearning/platform/services/core/GenericService.java (ext=.java, size=229)
2025-11-28 15:25:58,328 - Knowledge - INFO - Fast-tracked /app/data/T0015/283789/b23749o/ez-learning-283789/src/main/java/com/ezlearning/platform/model/Curso.java (ext=.java, size=1482)
2025-11-28 15:25:58,427 - Knowledge - INFO - Worker kw4 processing /app/data/T0015/283789/b23749o/ez-learning-283789/src/main/resources/static/js/init.js
2025-11-28 15:25:58,516 - Knowledge - INFO - Fast-tracked /app/data/T0015/283789/b23749o/ez-learning-283789/src/main/resources/templates/error.html (ext=.html, size=1000)
2025-11-28 15:25:58,607 - Knowledge - INFO - Worker kw6 processing /app/data/T0015/283789/b23749o/ez-learning-283789/src/main/resources/templates/cursos/curso-edit.html
2025-11-28 15:25:58,812 - Knowledge - INFO - knowledge worker kw15 start
2025-11-28 15:25:58,812 - Knowledge - INFO - Worker kw16 created using shared MongoDB connection pool
2025-11-28 15:25:58,882 - Knowledge - INFO - Worker kw1 processing /app/data/T0015/283789/b23749o/ez-learning-283789/src/main/java/com/ezlearning/platform/controller/IndexController.java
2025-11-28 15:25:58,946 - Knowledge - INFO - Worker kw2 processing /app/data/T0015/283789/b23749o/ez-learning-283789/src/main/java/com/ezlearning/platform/auth/UserPrincipal.java
2025-11-28 15:25:59,063 - Knowledge - INFO - Worker kw3 processing /app/data/T0015/283789/b23749o/ez-learning-283789/src/main/java/com/ezlearning/platform/model/Matricula.java
2025-11-28 15:25:59,154 - Knowledge - INFO - Fast-tracked /app/data/T0015/283789/b23749o/ez-learning-283789/src/main/resources/static/js/init.js (ext=.js, size=350)
2025-11-28 15:25:59,257 - Knowledge - INFO - Worker kw5 processing /app/data/T0015/283789/b23749o/ez-learning-283789/src/main/resources/templates/logout.html
2025-11-28 15:25:59,349 - Knowledge - INFO - Worker kw6 processing /app/data/T0015/283789/b23749o/ez-learning-283789/src/main/resources/templates/cursos/cursos.html
2025-11-28 15:25:59,532 - Knowledge - INFO - knowledge worker kw16 start
2025-11-28 15:25:59,532 - Knowledge - INFO - Worker kw17 created using shared MongoDB connection pool
2025-11-28 15:25:59,655 - Knowledge - INFO - Fast-tracked /app/data/T0015/283789/b23749o/ez-learning-283789/src/main/java/com/ezlearning/platform/controller/IndexController.java (ext=.java, size=855)
2025-11-28 15:25:59,740 - Knowledge - INFO - Fast-tracked /app/data/T0015/283789/b23749o/ez-learning-283789/src/main/java/com/ezlearning/platform/auth/UserPrincipal.java (ext=.java, size=1539)
2025-11-28 15:25:59,834 - Knowledge - INFO - Fast-tracked /app/data/T0015/283789/b23749o/ez-learning-283789/src/main/java/com/ezlearning/platform/model/Matricula.java (ext=.java, size=1078)
2025-11-28 15:25:59,934 - Knowledge - INFO - Worker kw4 processing /app/data/T0015/283789/b23749o/ez-learning-283789/src/main/resources/db/migration/V1.2__data.sql
2025-11-28 15:26:00,050 - Knowledge - INFO - Fast-tracked /app/data/T0015/283789/b23749o/ez-learning-283789/src/main/resources/templates/logout.html (ext=.html, size=1047)
2025-11-28 15:26:00,147 - Knowledge - INFO - Worker kw6 processing /app/data/T0015/283789/b23749o/ez-learning-283789/src/main/resources/templates/cursos/curso-add.html
2025-11-28 15:26:00,302 - Knowledge - INFO - knowledge worker kw17 start
2025-11-28 15:26:00,303 - Knowledge - INFO - Worker kw18 created using shared MongoDB connection pool
2025-11-28 15:26:00,383 - Knowledge - INFO - Worker kw1 processing /app/data/T0015/283789/b23749o/ez-learning-283789/src/main/java/com/ezlearning/platform/controller/MatriculaController.java
2025-11-28 15:26:00,449 - Knowledge - INFO - Worker kw2 processing /app/data/T0015/283789/b23749o/ez-learning-283789/src/main/java/com/ezlearning/platform/auth/EzLearningUserDetailsService.java
2025-11-28 15:26:00,603 - Knowledge - INFO - Worker kw3 processing /app/data/T0015/283789/b23749o/ez-learning-283789/src/main/java/com/ezlearning/platform/PlatformApplication.java
2025-11-28 15:26:00,690 - Knowledge - INFO - Worker kw4 processing /app/data/T0015/283789/b23749o/ez-learning-283789/src/main/resources/db/migration/V1.1__schema.sql
2025-11-28 15:26:00,785 - Knowledge - INFO - Worker kw5 processing /app/data/T0015/283789/b23749o/ez-learning-283789/src/main/resources/templates/matricula-success.html
2025-11-28 15:26:00,886 - Knowledge - INFO - Worker kw6 processing /app/data/T0015/283789/b23749o/ez-learning-283789/src/main/resources/templates/cursos/curso-detail.html
2025-11-28 15:26:01,119 - Knowledge - INFO - knowledge worker kw18 start
2025-11-28 15:26:01,119 - Knowledge - INFO - Worker kw19 created using shared MongoDB connection pool
2025-11-28 15:26:01,240 - Knowledge - INFO - Fast-tracked /app/data/T0015/283789/b23749o/ez-learning-283789/src/main/java/com/ezlearning/platform/security/ApplicationSecurityConfiguration.java (small file (2987 bytes))
2025-11-28 15:26:01,361 - Knowledge - INFO - Fast-tracked /app/data/T0015/283789/b23749o/ez-learning-283789/src/main/java/com/ezlearning/platform/auth/EzLearningUserDetailsService.java (ext=.java, size=1240)
2025-11-28 15:26:01,473 - Knowledge - INFO - Fast-tracked /app/data/T0015/283789/b23749o/ez-learning-283789/src/main/java/com/ezlearning/platform/PlatformApplication.java (ext=.java, size=332)
2025-11-28 15:26:01,553 - Knowledge - INFO - Fast-tracked /app/data/T0015/283789/b23749o/ez-learning-283789/src/main/resources/db/migration/V1.1__schema.sql (ext=.sql, size=1619)
2025-11-28 15:26:01,633 - Knowledge - INFO - Fast-tracked /app/data/T0015/283789/b23749o/ez-learning-283789/src/main/resources/templates/matricula-success.html (ext=.html, size=1403)
2025-11-28 15:26:01,740 - Knowledge - INFO - Worker kw6 processing /app/data/T0015/283789/b23749o/ez-learning-283789/README.md
2025-11-28 15:26:01,921 - Knowledge - INFO - knowledge worker kw19 start
2025-11-28 15:26:01,921 - Knowledge - INFO - Worker kw20 created using shared MongoDB connection pool
2025-11-28 15:26:02,144 - Knowledge - INFO - Worker kw2 processing /app/data/T0015/283789/b23749o/ez-learning-283789/src/main/java/com/ezlearning/platform/auth/AuthGroupRepository.java
2025-11-28 15:26:02,228 - Knowledge - INFO - Worker kw3 processing /app/data/T0015/283789/b23749o/ez-learning-283789/src/main/java/com/ezlearning/platform/dto/UserDto.java
2025-11-28 15:26:02,326 - Knowledge - INFO - Worker kw4 processing /app/data/T0015/283789/b23749o/ez-learning-283789/src/main/resources/templates/profesores/profesor-edit.html
2025-11-28 15:26:02,438 - Knowledge - INFO - Worker kw5 processing /app/data/T0015/283789/b23749o/ez-learning-283789/src/main/resources/templates/index.html
2025-11-28 15:26:02,515 - Knowledge - INFO - Fast-tracked /app/data/T0015/283789/b23749o/ez-learning-283789/README.md (ext=.md, size=2563)
2025-11-28 15:26:02,672 - Knowledge - INFO - knowledge worker kw20 start
2025-11-28 15:26:02,785 - Knowledge - INFO - Fast-tracked /app/data/T0015/283789/b23749o/ez-learning-283789/src/main/java/com/ezlearning/platform/auth/AuthGroupRepository.java (ext=.java, size=268)
2025-11-28 15:26:02,858 - Knowledge - INFO - Fast-tracked /app/data/T0015/283789/b23749o/ez-learning-283789/src/main/java/com/ezlearning/platform/dto/UserDto.java (ext=.java, size=437)
2025-11-28 15:26:02,955 - Knowledge - INFO - Worker kw4 processing /app/data/T0015/283789/b23749o/ez-learning-283789/src/main/resources/templates/profesores/profesor-add.html
2025-11-28 15:26:03,039 - Knowledge - INFO - Worker kw5 processing /app/data/T0015/283789/b23749o/ez-learning-283789/src/main/resources/templates/fragments/header.html
2025-11-28 15:26:03,111 - Knowledge - INFO - Worker kw6 processing /app/data/T0015/283789/b23749o/ez-learning-283789/pom.xml
2025-11-28 15:26:03,330 - Knowledge - INFO - Fast-tracked /app/data/T0015/283789/b23749o/ez-learning-283789/src/main/java/com/ezlearning/platform/services/core/impl/UserService.java (small file (2417 bytes))
2025-11-28 15:26:03,418 - Knowledge - INFO - Worker kw3 processing /app/data/T0015/283789/b23749o/ez-learning-283789/src/main/java/com/ezlearning/platform/dto/ProfesotDto.java
2025-11-28 15:26:03,535 - Knowledge - INFO - Worker kw4 processing /app/data/T0015/283789/b23749o/ez-learning-283789/src/main/resources/templates/profesores/profesor-detail.html
2025-11-28 15:26:03,609 - Knowledge - INFO - Fast-tracked /app/data/T0015/283789/b23749o/ez-learning-283789/src/main/resources/templates/fragments/header.html (ext=.html, size=1992)
2025-11-28 15:26:03,687 - Knowledge - INFO - Fast-tracked /app/data/T0015/283789/b23749o/ez-learning-283789/pom.xml (ext=.xml, size=3148)
2025-11-28 15:26:03,798 - Knowledge - INFO - Fast-tracked /app/data/T0015/283789/b23749o/ez-learning-283789/src/main/java/com/ezlearning/platform/services/core/impl/ProfesorService.java (small file (2003 bytes))
2025-11-28 15:26:03,908 - Knowledge - INFO - Fast-tracked /app/data/T0015/283789/b23749o/ez-learning-283789/src/main/java/com/ezlearning/platform/dto/ProfesotDto.java (ext=.java, size=358)
2025-11-28 15:26:04,342 - Knowledge - INFO - Fast-tracked /app/data/T0015/283789/b23749o/ez-learning-283789/src/main/java/com/ezlearning/platform/services/core/impl/CursoService.java (small file (2128 bytes))
2025-11-28 15:26:04,444 - Knowledge - INFO - Worker kw3 processing /app/data/T0015/283789/b23749o/ez-learning-283789/src/main/java/com/ezlearning/platform/dto/MatriculaDto.java
2025-11-28 15:26:04,548 - Knowledge - INFO - Processing batch of 10 files
2025-11-28 15:26:04,618 - Knowledge - INFO - Fast-tracked /app/data/T0015/283789/b23749o/ez-learning-283789/src/main/java/com/ezlearning/platform/dto/MatriculaDto.java (ext=.java, size=508)
2025-11-28 15:26:04,726 - Knowledge - INFO - process ingested knowledge for /app/data/T0015/283789/b23749o/ez-learning-283789/src/main/java/com/ezlearning/platform/controller/APIController.java
2025-11-28 15:26:04,840 - Knowledge - INFO - Processing batch of 10 files
2025-11-28 15:26:04,951 - Knowledge - INFO - process ingested knowledge for /app/data/T0015/283789/b23749o/ez-learning-283789/src/main/java/com/ezlearning/platform/controller/UserController.java
2025-11-28 15:26:05,037 - Knowledge - INFO - process ingested knowledge for /app/data/T0015/283789/b23749o/ez-learning-283789/src/main/java/com/ezlearning/platform/auth/UserRepository.java
2025-11-28 15:26:05,147 - Knowledge - INFO - process ingested knowledge for /app/data/T0015/283789/b23749o/ez-learning-283789/src/main/java/com/ezlearning/platform/services/core/impl/UserService.java
2025-11-28 15:26:05,243 - Knowledge - INFO - process ingested knowledge for /app/data/T0015/283789/b23749o/ez-learning-283789/src/main/java/com/ezlearning/platform/auth/User.java
2025-11-28 15:26:05,341 - Knowledge - INFO - process ingested knowledge for /app/data/T0015/283789/b23749o/ez-learning-283789/src/main/java/com/ezlearning/platform/services/core/impl/ProfesorService.java
2025-11-28 15:26:05,446 - Knowledge - INFO - process ingested knowledge for /app/data/T0015/283789/b23749o/ez-learning-283789/src/main/java/com/ezlearning/platform/auth/AuthGroup.java
2025-11-28 15:26:05,519 - Knowledge - INFO - process ingested knowledge for /app/data/T0015/283789/b23749o/ez-learning-283789/src/main/java/com/ezlearning/platform/services/core/impl/CursoService.java
2025-11-28 15:26:05,650 - Knowledge - INFO - process ingested knowledge for /app/data/T0015/283789/b23749o/ez-learning-283789/src/main/java/com/ezlearning/platform/model/Profesor.java
2025-11-28 15:26:05,736 - Knowledge - INFO - process ingested knowledge for /app/data/T0015/283789/b23749o/ez-learning-283789/src/main/java/com/ezlearning/platform/services/core/impl/MatriculaService.java
2025-11-28 15:26:05,873 - Knowledge - INFO - process ingested knowledge for /app/data/T0015/283789/b23749o/ez-learning-283789/src/main/java/com/ezlearning/platform/model/Curso.java
2025-11-28 15:26:05,971 - Knowledge - INFO - process ingested knowledge for /app/data/T0015/283789/b23749o/ez-learning-283789/src/main/java/com/ezlearning/platform/services/core/GenericService.java
2025-11-28 15:26:06,051 - Knowledge - INFO - process ingested knowledge for /app/data/T0015/283789/b23749o/ez-learning-283789/src/main/java/com/ezlearning/platform/model/Matricula.java
2025-11-28 15:26:06,202 - Knowledge - INFO - process ingested knowledge for /app/data/T0015/283789/b23749o/ez-learning-283789/src/main/java/com/ezlearning/platform/auth/UserPrincipal.java
2025-11-28 15:26:06,291 - Knowledge - INFO - process ingested knowledge for /app/data/T0015/283789/b23749o/ez-learning-283789/src/main/java/com/ezlearning/platform/PlatformApplication.java
2025-11-28 15:26:06,305 - Knowledge - INFO - Fast-tracked /app/data/T0015/283789/b23749o/ez-learning-283789/src/main/java/com/ezlearning/platform/controller/MatriculaController.java (small file (2019 bytes))
2025-11-28 15:26:06,384 - Knowledge - INFO - process ingested knowledge for /app/data/T0015/283789/b23749o/ez-learning-283789/src/main/java/com/ezlearning/platform/auth/EzLearningUserDetailsService.java
2025-11-28 15:26:06,460 - Knowledge - INFO - process ingested knowledge for /app/data/T0015/283789/b23749o/ez-learning-283789/src/main/java/com/ezlearning/platform/dto/UserDto.java
2025-11-28 15:26:06,911 - Knowledge - INFO - process ingested knowledge for /app/data/T0015/283789/b23749o/ez-learning-283789/src/main/java/com/ezlearning/platform/auth/AuthGroupRepository.java
2025-11-28 15:26:07,017 - Knowledge - INFO - process ingested knowledge for /app/data/T0015/283789/b23749o/ez-learning-283789/src/main/java/com/ezlearning/platform/dto/ProfesotDto.java
2025-11-28 15:26:07,118 - Knowledge - INFO - Fast-tracked /app/data/T0015/283789/b23749o/ez-learning-283789/src/main/resources/templates/profesores/profesor-edit.html (small file (2900 bytes))
2025-11-28 15:26:07,219 - Knowledge - INFO - process ingested knowledge for /app/data/T0015/283789/b23749o/ez-learning-283789/src/main/java/com/ezlearning/platform/dto/MatriculaDto.java
2025-11-28 15:26:07,241 - Knowledge - INFO - Fast-tracked /app/data/T0015/283789/b23749o/ez-learning-283789/src/main/resources/templates/user/user-edit.html (small file (2446 bytes))
2025-11-28 15:26:07,347 - Knowledge - INFO - Fast-tracked /app/data/T0015/283789/b23749o/ez-learning-283789/src/main/resources/templates/profesores/profesor-add.html (small file (2800 bytes))
2025-11-28 15:26:08,246 - Knowledge - INFO - [WEBSOCKET] Sent: Type=progress_update, Size: 287, Duration: 0ms
2025-11-28 15:26:08,409 - Knowledge - INFO - [WEBSOCKET] Sent: Type=unknown, Size: ?, Duration: 163ms
2025-11-28 15:26:08,625 - Knowledge - INFO - Progress: 33.3% | Files: 20/60 | Rate: 0.57 files/sec | Queue: 0
2025-11-28 15:26:09,512 - Knowledge - INFO - Fast-tracked /app/data/T0015/283789/b23749o/ez-learning-283789/src/main/resources/templates/login.html (small file (2070 bytes))
2025-11-28 15:26:09,723 - Knowledge - INFO - Fast-tracked /app/data/T0015/283789/b23749o/ez-learning-283789/src/main/resources/templates/discover.html (small file (2750 bytes))
2025-11-28 15:26:10,215 - Knowledge - INFO - Fast-tracked /app/data/T0015/283789/b23749o/ez-learning-283789/src/main/resources/templates/cursos/cursos.html (small file (2175 bytes))
2025-11-28 15:26:11,837 - Knowledge - INFO - [LLM_CALL] Completed: V1.2__data.sql:chunk1, Duration: 7836ms, PromptTokens: 7102, CompletionTokens: 59, Cost: $0.00073
2025-11-28 15:26:12,025 - Knowledge - INFO - done ingest for /app/data/T0015/283789/b23749o/ez-learning-283789/src/main/resources/db/migration/V1.2__data.sql
2025-11-28 15:26:13,634 - Knowledge - INFO - [LLM_CALL] Completed: index.html:chunk1, Duration: 3720ms, PromptTokens: 3046, CompletionTokens: 59, Cost: $0.00033
2025-11-28 15:26:13,828 - Knowledge - INFO - done ingest for /app/data/T0015/283789/b23749o/ez-learning-283789/src/main/resources/templates/index.html
2025-11-28 15:26:13,829 - Knowledge - INFO - [LLM_CALL] Completed: SecurityController.java:chunk1, Duration: 10093ms, PromptTokens: 2314, CompletionTokens: 490, Cost: $0.00043
2025-11-28 15:26:14,146 - Knowledge - INFO - done ingest for /app/data/T0015/283789/b23749o/ez-learning-283789/src/main/java/com/ezlearning/platform/controller/SecurityController.java
2025-11-28 15:26:14,146 - Knowledge - INFO - [LLM_CALL] Completed: profesores.html:chunk1, Duration: 10025ms, PromptTokens: 2476, CompletionTokens: 59, Cost: $0.00027
2025-11-28 15:26:14,483 - Knowledge - INFO - done ingest for /app/data/T0015/283789/b23749o/ez-learning-283789/src/main/resources/templates/profesores/profesores.html
2025-11-28 15:26:14,726 - Knowledge - INFO - [LLM_CALL] Completed: register.html:chunk1, Duration: 7407ms, PromptTokens: 2034, CompletionTokens: 59, Cost: $0.00023
2025-11-28 15:26:14,993 - Knowledge - INFO - done ingest for /app/data/T0015/283789/b23749o/ez-learning-283789/src/main/resources/templates/register.html
2025-11-28 15:26:14,994 - Knowledge - INFO - [LLM_CALL] Completed: profesor-detail.html:chunk1, Duration: 7367ms, PromptTokens: 2994, CompletionTokens: 317, Cost: $0.00043
2025-11-28 15:26:15,444 - Knowledge - INFO - done ingest for /app/data/T0015/283789/b23749o/ez-learning-283789/src/main/resources/templates/profesores/profesor-detail.html
2025-11-28 15:26:15,446 - Knowledge - INFO - [LLM_CALL] Completed: curso-detail.html:chunk1, Duration: 3413ms, PromptTokens: 3180, CompletionTokens: 59, Cost: $0.00034
2025-11-28 15:26:15,730 - Knowledge - INFO - done ingest for /app/data/T0015/283789/b23749o/ez-learning-283789/src/main/resources/templates/cursos/curso-detail.html
2025-11-28 15:26:15,730 - Knowledge - INFO - Processing batch of 10 files
2025-11-28 15:26:15,797 - Knowledge - INFO - Processing batch of 10 files
2025-11-28 15:26:15,944 - Knowledge - INFO - [LLM_CALL] Completed: profile.html:chunk1, Duration: 11718ms, PromptTokens: 3126, CompletionTokens: 59, Cost: $0.00034
2025-11-28 15:26:16,024 - Knowledge - INFO - process ingested knowledge for /app/data/T0015/283789/b23749o/ez-learning-283789/src/main/resources/templates/profesores/profesores.html
2025-11-28 15:26:16,129 - Knowledge - INFO - process ingested knowledge for /app/data/T0015/283789/b23749o/ez-learning-283789/src/main/java/com/ezlearning/platform/dto/CursoDto.java
2025-11-28 15:26:16,265 - Knowledge - INFO - done ingest for /app/data/T0015/283789/b23749o/ez-learning-283789/src/main/resources/templates/user/profile.html
2025-11-28 15:26:16,413 - Knowledge - INFO - process ingested knowledge for /app/data/T0015/283789/b23749o/ez-learning-283789/src/main/resources/templates/register.html
2025-11-28 15:26:16,417 - Knowledge - INFO - [LLM_CALL] Completed: ProfesorController.java:chunk1, Duration: 13438ms, PromptTokens: 2988, CompletionTokens: 687, Cost: $0.00057
2025-11-28 15:26:16,471 - Knowledge - INFO - process ingested knowledge for /app/data/T0015/283789/b23749o/ez-learning-283789/src/main/resources/static/css/style.css
2025-11-28 15:26:16,798 - Knowledge - INFO - process ingested knowledge for /app/data/T0015/283789/b23749o/ez-learning-283789/src/main/resources/templates/login.html
2025-11-28 15:26:16,880 - Knowledge - INFO - done ingest for /app/data/T0015/283789/b23749o/ez-learning-283789/src/main/java/com/ezlearning/platform/controller/ProfesorController.java
2025-11-28 15:26:16,881 - Knowledge - INFO - [LLM_CALL] Completed: curso-add.html:chunk1, Duration: 6456ms, PromptTokens: 2188, CompletionTokens: 59, Cost: $0.00024
2025-11-28 15:26:16,961 - Knowledge - INFO - process ingested knowledge for /app/data/T0015/283789/b23749o/ez-learning-283789/src/main/resources/static/css/materialize.css
2025-11-28 15:26:17,042 - Knowledge - INFO - process ingested knowledge for /app/data/T0015/283789/b23749o/ez-learning-283789/src/main/resources/templates/discover.html
2025-11-28 15:26:17,240 - Knowledge - INFO - done ingest for /app/data/T0015/283789/b23749o/ez-learning-283789/src/main/resources/templates/cursos/curso-add.html
2025-11-28 15:26:17,287 - Knowledge - INFO - [LLM_CALL] Completed: CursoController.java:chunk1, Duration: 15250ms, PromptTokens: 3106, CompletionTokens: 704, Cost: $0.00059
2025-11-28 15:26:17,336 - Knowledge - INFO - process ingested knowledge for /app/data/T0015/283789/b23749o/ez-learning-283789/src/main/resources/static/js/materialize.js
2025-11-28 15:26:17,460 - Knowledge - INFO - process ingested knowledge for /app/data/T0015/283789/b23749o/ez-learning-283789/src/main/resources/templates/registered.html
2025-11-28 15:26:17,605 - Knowledge - INFO - done ingest for /app/data/T0015/283789/b23749o/ez-learning-283789/src/main/java/com/ezlearning/platform/controller/CursoController.java
2025-11-28 15:26:17,699 - Knowledge - INFO - [LLM_CALL] Completed: curso-edit.html:chunk1, Duration: 10173ms, PromptTokens: 2212, CompletionTokens: 59, Cost: $0.00024
2025-11-28 15:26:17,804 - Knowledge - INFO - process ingested knowledge for /app/data/T0015/283789/b23749o/ez-learning-283789/src/main/resources/static/js/init.js
2025-11-28 15:26:17,892 - Knowledge - INFO - process ingested knowledge for /app/data/T0015/283789/b23749o/ez-learning-283789/src/main/resources/templates/error.html
2025-11-28 15:26:18,097 - Knowledge - INFO - done ingest for /app/data/T0015/283789/b23749o/ez-learning-283789/src/main/resources/templates/cursos/curso-edit.html
2025-11-28 15:26:18,097 - Knowledge - INFO - Processing batch of 10 files
2025-11-28 15:26:18,265 - Knowledge - INFO - process ingested knowledge for /app/data/T0015/283789/b23749o/ez-learning-283789/src/main/resources/db/migration/V1.2__data.sql
2025-11-28 15:26:18,352 - Knowledge - INFO - process ingested knowledge for /app/data/T0015/283789/b23749o/ez-learning-283789/src/main/resources/templates/logout.html
2025-11-28 15:26:18,480 - Knowledge - INFO - Processing batch of 10 files
2025-11-28 15:26:18,542 - Knowledge - INFO - process ingested knowledge for /app/data/T0015/283789/b23749o/ez-learning-283789/src/test/java/com/ezlearning/platform/PlatformApplicationTests.java
2025-11-28 15:26:18,632 - Knowledge - INFO - process ingested knowledge for /app/data/T0015/283789/b23749o/ez-learning-283789/src/main/resources/db/migration/V1.1__schema.sql
2025-11-28 15:26:18,724 - Knowledge - INFO - process ingested knowledge for /app/data/T0015/283789/b23749o/ez-learning-283789/src/main/resources/templates/matricula-success.html
2025-11-28 15:26:18,805 - Knowledge - INFO - process ingested knowledge for /app/data/T0015/283789/b23749o/ez-learning-283789/src/main/resources/templates/fragments/footer.html
2025-11-28 15:26:18,906 - Knowledge - INFO - process ingested knowledge for /app/data/T0015/283789/b23749o/ez-learning-283789/src/main/java/com/ezlearning/platform/repositories/ProfesorRepository.java
2025-11-28 15:26:19,034 - Knowledge - INFO - process ingested knowledge for /app/data/T0015/283789/b23749o/ez-learning-283789/src/main/resources/templates/profesores/profesor-edit.html
2025-11-28 15:26:19,103 - Knowledge - INFO - process ingested knowledge for /app/data/T0015/283789/b23749o/ez-learning-283789/src/main/resources/templates/index.html
2025-11-28 15:26:19,189 - Knowledge - INFO - process ingested knowledge for /app/data/T0015/283789/b23749o/ez-learning-283789/src/main/resources/templates/fragments/head.html
2025-11-28 15:26:19,334 - Knowledge - INFO - process ingested knowledge for /app/data/T0015/283789/b23749o/ez-learning-283789/src/main/java/com/ezlearning/platform/repositories/CursoRepository.java
2025-11-28 15:26:19,410 - Knowledge - INFO - process ingested knowledge for /app/data/T0015/283789/b23749o/ez-learning-283789/src/main/resources/templates/profesores/profesor-add.html
2025-11-28 15:26:19,525 - Knowledge - INFO - process ingested knowledge for /app/data/T0015/283789/b23749o/ez-learning-283789/src/main/resources/templates/fragments/header.html
2025-11-28 15:26:19,619 - Knowledge - INFO - process ingested knowledge for /app/data/T0015/283789/b23749o/ez-learning-283789/src/main/resources/templates/user/profile.html
2025-11-28 15:26:19,726 - Knowledge - INFO - process ingested knowledge for /app/data/T0015/283789/b23749o/ez-learning-283789/src/main/java/com/ezlearning/platform/repositories/MatriculaRepository.java
2025-11-28 15:26:19,835 - Knowledge - INFO - process ingested knowledge for /app/data/T0015/283789/b23749o/ez-learning-283789/src/main/resources/templates/profesores/profesor-detail.html
2025-11-28 15:26:20,062 - Knowledge - INFO - process ingested knowledge for /app/data/T0015/283789/b23749o/ez-learning-283789/src/main/resources/templates/user/user-edit.html
2025-11-28 15:26:20,137 - Knowledge - INFO - process ingested knowledge for /app/data/T0015/283789/b23749o/ez-learning-283789/src/main/java/com/ezlearning/platform/security/ApplicationSecurityConfiguration.java
2025-11-28 15:26:20,315 - Knowledge - INFO - process ingested knowledge for /app/data/T0015/283789/b23749o/ez-learning-283789/src/main/resources/templates/cursos/curso-edit.html
2025-11-28 15:26:20,367 - Knowledge - INFO - process ingested knowledge for /app/data/T0015/283789/b23749o/ez-learning-283789/src/main/java/com/ezlearning/platform/controller/CursoController.java
2025-11-28 15:26:20,555 - Knowledge - INFO - process ingested knowledge for /app/data/T0015/283789/b23749o/ez-learning-283789/src/main/resources/templates/cursos/cursos.html
2025-11-28 15:26:20,661 - Knowledge - INFO - process ingested knowledge for /app/data/T0015/283789/b23749o/ez-learning-283789/src/main/java/com/ezlearning/platform/controller/ProfesorController.java
2025-11-28 15:26:20,717 - Knowledge - INFO - process ingested knowledge for /app/data/T0015/283789/b23749o/ez-learning-283789/src/main/resources/templates/cursos/curso-add.html
2025-11-28 15:26:20,920 - Knowledge - INFO - process ingested knowledge for /app/data/T0015/283789/b23749o/ez-learning-283789/src/main/java/com/ezlearning/platform/controller/SecurityController.java
2025-11-28 15:26:20,921 - Knowledge - INFO - [WEBSOCKET] Sent: Type=progress_update, Size: 270, Duration: 0ms
2025-11-28 15:26:20,990 - Knowledge - INFO - process ingested knowledge for /app/data/T0015/283789/b23749o/ez-learning-283789/src/main/resources/templates/cursos/curso-detail.html
2025-11-28 15:26:21,139 - Knowledge - INFO - process ingested knowledge for /app/data/T0015/283789/b23749o/ez-learning-283789/src/main/java/com/ezlearning/platform/controller/IndexController.java
2025-11-28 15:26:21,256 - Knowledge - INFO - [WEBSOCKET] Sent: Type=unknown, Size: ?, Duration: 335ms
2025-11-28 15:26:21,335 - Knowledge - INFO - process ingested knowledge for /app/data/T0015/283789/b23749o/ez-learning-283789/README.md
2025-11-28 15:26:21,434 - Knowledge - INFO - process ingested knowledge for /app/data/T0015/283789/b23749o/ez-learning-283789/src/main/java/com/ezlearning/platform/controller/MatriculaController.java
2025-11-28 15:26:21,580 - Knowledge - INFO - Progress: 100.0% | Files: 60/60 | Rate: 1.25 files/sec | Queue: 0
2025-11-28 15:26:21,694 - Knowledge - INFO - process ingested knowledge for /app/data/T0015/283789/b23749o/ez-learning-283789/pom.xml
2025-11-28 15:26:22,951 - Knowledge - INFO - Knowledge creation complete
2025-11-28 15:26:23,143 - Knowledge - INFO - ==================================================
2025-11-28 15:26:23,325 - Knowledge - INFO - KNOWLEDGE GRAPH GENERATION PERFORMANCE SUMMARY
2025-11-28 15:26:23,527 - Knowledge - INFO - ==================================================
2025-11-28 15:26:23,722 - Knowledge - INFO - Total processing time: 50.21 seconds (0.84 minutes)
2025-11-28 15:26:23,900 - Knowledge - INFO - Files processed: 0
2025-11-28 15:26:24,080 - Knowledge - INFO - Processing rate: 0.00 files/second
2025-11-28 15:26:24,275 - Knowledge - INFO - 
[TIME_BREAKDOWN]
2025-11-28 15:26:24,475 - Knowledge - INFO - File Reading: 0.00s (0.0%)
2025-11-28 15:26:24,666 - Knowledge - INFO - LLM Processing: 106.90s (212.9%)
2025-11-28 15:26:24,879 - Knowledge - INFO - MongoDB Operations: 0.00s (0.0%)
2025-11-28 15:26:25,088 - Knowledge - INFO - Redis Operations: 0.00s (0.0%)
2025-11-28 15:26:25,305 - Knowledge - INFO - WebSocket Communication: 0.50s (1.0%)
2025-11-28 15:26:25,483 - Knowledge - INFO - 
[LLM_STATS]
2025-11-28 15:26:25,676 - Knowledge - INFO - Total LLM calls: 12
2025-11-28 15:26:25,871 - Knowledge - INFO - Average LLM response time: 8908ms
2025-11-28 15:26:26,052 - Knowledge - INFO - Average prompt tokens: 3063.8
2025-11-28 15:26:26,237 - Knowledge - INFO - Average completion tokens: 222.5
2025-11-28 15:26:26,390 - Knowledge - INFO - Total prompt tokens: 36766
2025-11-28 15:26:26,576 - Knowledge - INFO - Total completion tokens: 2670
2025-11-28 15:26:26,788 - Knowledge - INFO - Total LLM cost: $0.0047
2025-11-28 15:26:26,961 - Knowledge - INFO - 
[DATABASE_STATS]
2025-11-28 15:26:27,163 - Knowledge - INFO - MongoDB operations: 0
2025-11-28 15:26:27,346 - Knowledge - INFO - Redis operations: 0
2025-11-28 15:26:27,560 - Knowledge - INFO - 
[COMMUNICATION_STATS]
2025-11-28 15:26:27,719 - Knowledge - INFO - WebSocket messages sent: 4
2025-11-28 15:26:27,923 - Knowledge - INFO - Average message size: 139.2 bytes
2025-11-28 15:26:28,097 - Knowledge - INFO - 
[WORKER_STATS]
2025-11-28 15:26:28,290 - Knowledge - INFO - 
[FILE_TYPE_STATS]
2025-11-28 15:26:28,440 - Knowledge - INFO - 
[SLOWEST_FILES]
2025-11-28 15:26:28,622 - Knowledge - INFO - ==================================================
2025-11-28 15:26:28,787 - Knowledge - INFO - ==================================================
2025-11-28 15:26:28,956 - Knowledge - INFO - KNOWLEDGE GRAPH GENERATION PERFORMANCE SUMMARY
2025-11-28 15:26:29,127 - Knowledge - INFO - ==================================================
2025-11-28 15:26:29,309 - Knowledge - INFO - Total processing time: 55.90 seconds (0.93 minutes)
2025-11-28 15:26:29,484 - Knowledge - INFO - Files processed: 60 of 60
2025-11-28 15:26:29,662 - Knowledge - INFO - Processing rate: 1.07 files/second
2025-11-28 15:26:29,876 - Knowledge - INFO - WebSocket messages sent: 2
2025-11-28 15:26:30,058 - Knowledge - INFO - MongoDB operations: 60
2025-11-28 15:26:30,243 - Knowledge - INFO - Average MongoDB ops per file: 1.00
2025-11-28 15:26:30,398 - Knowledge - INFO - LLM costs: $0.0047
2025-11-28 15:26:30,582 - Knowledge - INFO - Prompt tokens: 36766
2025-11-28 15:26:30,758 - Knowledge - INFO - Completion tokens: 2670
2025-11-28 15:26:30,981 - Knowledge - INFO - Updating org costs, total cost: 0.0047446
2025-11-28 15:26:32,189 - Knowledge - INFO - [WEBSOCKET] Sent: Type=progress_update, Size: 268, Duration: 0ms
2025-11-28 15:26:32,417 - Knowledge - INFO - Saving knowledge to Redis...
2025-11-28 15:26:32,614 - Knowledge - INFO - Knowledge saved to Redis successfully
2025-11-28 15:35:29,220 - Knowledge - INFO - Created shared MongoDB connection pool
2025-11-28 15:35:29,548 - Knowledge - INFO - Starting Knowledge Graph processing with 20 threads
2025-11-28 15:35:29,748 - Knowledge - INFO - Initial configuration: chunk_size=65536, max_cache_size=500
2025-11-28 15:35:29,951 - Knowledge - INFO - Knowledge Graph concurrency configuration: workers=20, max_batch_size=25, max_concurrent_llm_calls=50
2025-11-28 15:35:30,859 - Knowledge - INFO - 🔍 _load_persisted_knowledge called - checking for Redis optimization
2025-11-28 15:35:31,053 - Knowledge - WARNING - ❌ load_from_redis method not found - Redis support not attached
2025-11-28 15:35:31,263 - Knowledge - INFO - load persisted knowledge: begin
2025-11-28 15:35:32,024 - Knowledge - INFO - Persisted knowledge files in /app/data/T0015/283789/b23749o/ez-learning-283789/.knowledge have been renamed to use .json
2025-11-28 15:35:32,242 - Knowledge - INFO - Found code-base-name: https://github.com/kavia-common/ez-learning-283789.git:kavia-master
2025-11-28 15:35:32,454 - Knowledge - INFO - Found code_base: <app.utils.kg_build.knowledge.KnowledgeCodeBase object at 0x7fb1015f7650>
2025-11-28 15:35:32,783 - Knowledge - INFO - Found code-base-name: https://github.com/kavia-common/ez-learning-283789.git:kavia-master
2025-11-28 15:35:32,976 - Knowledge - INFO - Found code_base: <app.utils.kg_build.knowledge.KnowledgeCodeBase object at 0x7fb1015f7650>
2025-11-28 15:35:33,167 - Knowledge - INFO - persist ingested knowledge for /app/data/T0015/283789/b23749o/ez-learning-283789/src/main/resources/templates/cursos/curso-detail.html
2025-11-28 15:35:33,488 - Knowledge - INFO - [MONGODB_OP] Completed: persist, Collection: file_info, Duration: 86ms
2025-11-28 15:35:34,604 - Knowledge - INFO - [REDIS_OP] Completed: store_embedding, Key: src/main/resources/templates/cursos/curso-detail.html, Duration: 940ms
2025-11-28 15:35:34,824 - Knowledge - INFO - persist search terms embedding for src/main/resources/templates/cursos/curso-detail.html
2025-11-28 15:35:35,030 - Knowledge - INFO - process ingested knowledge for /app/data/T0015/283789/b23749o/ez-learning-283789/src/main/resources/templates/cursos/curso-detail.html
2025-11-28 15:35:35,238 - Knowledge - INFO - Found code-base-name: https://github.com/kavia-common/ez-learning-283789.git:kavia-master
2025-11-28 15:35:35,426 - Knowledge - INFO - Found code_base: <app.utils.kg_build.knowledge.KnowledgeCodeBase object at 0x7fb1015f7650>
2025-11-28 15:35:35,702 - Knowledge - INFO - Found code-base-name: https://github.com/kavia-common/ez-learning-283789.git:kavia-master
2025-11-28 15:35:35,918 - Knowledge - INFO - Found code_base: <app.utils.kg_build.knowledge.KnowledgeCodeBase object at 0x7fb1015f7650>
2025-11-28 15:35:36,094 - Knowledge - INFO - persist ingested knowledge for /app/data/T0015/283789/b23749o/ez-learning-283789/src/main/resources/templates/logout.html
2025-11-28 15:35:36,373 - Knowledge - INFO - [MONGODB_OP] Completed: persist, Collection: file_info, Duration: 88ms
2025-11-28 15:35:36,864 - Knowledge - INFO - [REDIS_OP] Completed: store_embedding, Key: src/main/resources/templates/logout.html, Duration: 247ms
2025-11-28 15:35:37,059 - Knowledge - INFO - persist search terms embedding for src/main/resources/templates/logout.html
2025-11-28 15:35:37,233 - Knowledge - INFO - process ingested knowledge for /app/data/T0015/283789/b23749o/ez-learning-283789/src/main/resources/templates/logout.html
2025-11-28 15:35:37,418 - Knowledge - INFO - Found code-base-name: https://github.com/kavia-common/ez-learning-283789.git:kavia-master
2025-11-28 15:35:37,613 - Knowledge - INFO - Found code_base: <app.utils.kg_build.knowledge.KnowledgeCodeBase object at 0x7fb1015f7650>
2025-11-28 15:35:37,868 - Knowledge - INFO - Found code-base-name: https://github.com/kavia-common/ez-learning-283789.git:kavia-master
2025-11-28 15:35:38,111 - Knowledge - INFO - Found code_base: <app.utils.kg_build.knowledge.KnowledgeCodeBase object at 0x7fb1015f7650>
2025-11-28 15:35:38,305 - Knowledge - INFO - persist ingested knowledge for /app/data/T0015/283789/b23749o/ez-learning-283789/src/main/resources/db/migration/V1.2__data.sql
2025-11-28 15:35:38,628 - Knowledge - INFO - [MONGODB_OP] Completed: persist, Collection: file_info, Duration: 97ms
2025-11-28 15:35:39,043 - Knowledge - INFO - [REDIS_OP] Completed: store_embedding, Key: src/main/resources/db/migration/V1.2__data.sql, Duration: 246ms
2025-11-28 15:35:39,252 - Knowledge - INFO - persist search terms embedding for src/main/resources/db/migration/V1.2__data.sql
2025-11-28 15:35:39,440 - Knowledge - INFO - process ingested knowledge for /app/data/T0015/283789/b23749o/ez-learning-283789/src/main/resources/db/migration/V1.2__data.sql
2025-11-28 15:35:39,622 - Knowledge - INFO - Found code-base-name: https://github.com/kavia-common/ez-learning-283789.git:kavia-master
2025-11-28 15:35:39,819 - Knowledge - INFO - Found code_base: <app.utils.kg_build.knowledge.KnowledgeCodeBase object at 0x7fb1015f7650>
2025-11-28 15:35:40,076 - Knowledge - INFO - Found code-base-name: https://github.com/kavia-common/ez-learning-283789.git:kavia-master
2025-11-28 15:35:40,282 - Knowledge - INFO - Found code_base: <app.utils.kg_build.knowledge.KnowledgeCodeBase object at 0x7fb1015f7650>
2025-11-28 15:35:40,461 - Knowledge - INFO - persist ingested knowledge for /app/data/T0015/283789/b23749o/ez-learning-283789/src/main/resources/templates/error.html
2025-11-28 15:35:40,707 - Knowledge - INFO - [MONGODB_OP] Completed: persist, Collection: file_info, Duration: 82ms
2025-11-28 15:35:41,170 - Knowledge - INFO - [REDIS_OP] Completed: store_embedding, Key: src/main/resources/templates/error.html, Duration: 249ms
2025-11-28 15:35:41,370 - Knowledge - INFO - persist search terms embedding for src/main/resources/templates/error.html
2025-11-28 15:35:41,555 - Knowledge - INFO - process ingested knowledge for /app/data/T0015/283789/b23749o/ez-learning-283789/src/main/resources/templates/error.html
2025-11-28 15:35:41,770 - Knowledge - INFO - Found code-base-name: https://github.com/kavia-common/ez-learning-283789.git:kavia-master
2025-11-28 15:35:41,937 - Knowledge - INFO - Found code_base: <app.utils.kg_build.knowledge.KnowledgeCodeBase object at 0x7fb1015f7650>
2025-11-28 15:35:42,203 - Knowledge - INFO - Found code-base-name: https://github.com/kavia-common/ez-learning-283789.git:kavia-master
2025-11-28 15:35:42,400 - Knowledge - INFO - Found code_base: <app.utils.kg_build.knowledge.KnowledgeCodeBase object at 0x7fb1015f7650>
2025-11-28 15:35:42,592 - Knowledge - INFO - persist ingested knowledge for /app/data/T0015/283789/b23749o/ez-learning-283789/src/main/resources/templates/profesores/profesor-edit.html
2025-11-28 15:35:42,905 - Knowledge - INFO - [MONGODB_OP] Completed: persist, Collection: file_info, Duration: 86ms
2025-11-28 15:35:43,318 - Knowledge - INFO - [REDIS_OP] Completed: store_embedding, Key: src/main/resources/templates/profesores/profesor-edit.html, Duration: 209ms
2025-11-28 15:35:43,502 - Knowledge - INFO - persist search terms embedding for src/main/resources/templates/profesores/profesor-edit.html
2025-11-28 15:35:43,667 - Knowledge - INFO - process ingested knowledge for /app/data/T0015/283789/b23749o/ez-learning-283789/src/main/resources/templates/profesores/profesor-edit.html
2025-11-28 15:35:43,861 - Knowledge - INFO - Found code-base-name: https://github.com/kavia-common/ez-learning-283789.git:kavia-master
2025-11-28 15:35:44,059 - Knowledge - INFO - Found code_base: <app.utils.kg_build.knowledge.KnowledgeCodeBase object at 0x7fb1015f7650>
2025-11-28 15:35:44,294 - Knowledge - INFO - Found code-base-name: https://github.com/kavia-common/ez-learning-283789.git:kavia-master
2025-11-28 15:35:44,487 - Knowledge - INFO - Found code_base: <app.utils.kg_build.knowledge.KnowledgeCodeBase object at 0x7fb1015f7650>
2025-11-28 15:35:44,684 - Knowledge - INFO - persist ingested knowledge for /app/data/T0015/283789/b23749o/ez-learning-283789/src/main/java/com/ezlearning/platform/model/Curso.java
2025-11-28 15:35:44,962 - Knowledge - INFO - [MONGODB_OP] Completed: persist, Collection: file_info, Duration: 83ms
2025-11-28 15:35:45,522 - Knowledge - INFO - [REDIS_OP] Completed: store_embedding, Key: src/main/java/com/ezlearning/platform/model/Curso.java, Duration: 366ms
2025-11-28 15:35:45,740 - Knowledge - INFO - persist search terms embedding for src/main/java/com/ezlearning/platform/model/Curso.java
2025-11-28 15:35:45,970 - Knowledge - INFO - process ingested knowledge for /app/data/T0015/283789/b23749o/ez-learning-283789/src/main/java/com/ezlearning/platform/model/Curso.java
2025-11-28 15:35:46,155 - Knowledge - INFO - Found code-base-name: https://github.com/kavia-common/ez-learning-283789.git:kavia-master
2025-11-28 15:35:46,374 - Knowledge - INFO - Found code_base: <app.utils.kg_build.knowledge.KnowledgeCodeBase object at 0x7fb1015f7650>
2025-11-28 15:35:46,671 - Knowledge - INFO - Found code-base-name: https://github.com/kavia-common/ez-learning-283789.git:kavia-master
2025-11-28 15:35:46,863 - Knowledge - INFO - Found code_base: <app.utils.kg_build.knowledge.KnowledgeCodeBase object at 0x7fb1015f7650>
2025-11-28 15:35:47,094 - Knowledge - INFO - persist ingested knowledge for /app/data/T0015/283789/b23749o/ez-learning-283789/src/main/java/com/ezlearning/platform/dto/UserDto.java
2025-11-28 15:35:47,418 - Knowledge - INFO - [MONGODB_OP] Completed: persist, Collection: file_info, Duration: 76ms
2025-11-28 15:35:47,847 - Knowledge - INFO - [REDIS_OP] Completed: store_embedding, Key: src/main/java/com/ezlearning/platform/dto/UserDto.java, Duration: 229ms
2025-11-28 15:35:48,030 - Knowledge - INFO - persist search terms embedding for src/main/java/com/ezlearning/platform/dto/UserDto.java
2025-11-28 15:35:48,228 - Knowledge - INFO - process ingested knowledge for /app/data/T0015/283789/b23749o/ez-learning-283789/src/main/java/com/ezlearning/platform/dto/UserDto.java
2025-11-28 15:35:48,391 - Knowledge - INFO - Found code-base-name: https://github.com/kavia-common/ez-learning-283789.git:kavia-master
2025-11-28 15:35:48,547 - Knowledge - INFO - Found code_base: <app.utils.kg_build.knowledge.KnowledgeCodeBase object at 0x7fb1015f7650>
2025-11-28 15:35:48,797 - Knowledge - INFO - Found code-base-name: https://github.com/kavia-common/ez-learning-283789.git:kavia-master
2025-11-28 15:35:48,974 - Knowledge - INFO - Found code_base: <app.utils.kg_build.knowledge.KnowledgeCodeBase object at 0x7fb1015f7650>
2025-11-28 15:35:49,158 - Knowledge - INFO - persist ingested knowledge for /app/data/T0015/283789/b23749o/ez-learning-283789/src/main/java/com/ezlearning/platform/services/core/impl/UserService.java
2025-11-28 15:35:49,415 - Knowledge - INFO - [MONGODB_OP] Completed: persist, Collection: file_info, Duration: 79ms
2025-11-28 15:35:49,829 - Knowledge - INFO - [REDIS_OP] Completed: store_embedding, Key: src/main/java/com/ezlearning/platform/services/core/impl/UserService.java, Duration: 243ms
2025-11-28 15:35:50,025 - Knowledge - INFO - persist search terms embedding for src/main/java/com/ezlearning/platform/services/core/impl/UserService.java
2025-11-28 15:35:50,190 - Knowledge - INFO - process ingested knowledge for /app/data/T0015/283789/b23749o/ez-learning-283789/src/main/java/com/ezlearning/platform/services/core/impl/UserService.java
2025-11-28 15:35:50,422 - Knowledge - INFO - Found code-base-name: https://github.com/kavia-common/ez-learning-283789.git:kavia-master
2025-11-28 15:35:50,668 - Knowledge - INFO - Found code_base: <app.utils.kg_build.knowledge.KnowledgeCodeBase object at 0x7fb1015f7650>
2025-11-28 15:35:50,978 - Knowledge - INFO - Found code-base-name: https://github.com/kavia-common/ez-learning-283789.git:kavia-master
2025-11-28 15:35:51,221 - Knowledge - INFO - Found code_base: <app.utils.kg_build.knowledge.KnowledgeCodeBase object at 0x7fb1015f7650>
2025-11-28 15:35:51,433 - Knowledge - INFO - persist ingested knowledge for /app/data/T0015/283789/b23749o/ez-learning-283789/src/main/resources/templates/registered.html
2025-11-28 15:35:51,752 - Knowledge - INFO - [MONGODB_OP] Completed: persist, Collection: file_info, Duration: 80ms
2025-11-28 15:35:52,154 - Knowledge - INFO - [REDIS_OP] Completed: store_embedding, Key: src/main/resources/templates/registered.html, Duration: 217ms
2025-11-28 15:35:52,391 - Knowledge - INFO - persist search terms embedding for src/main/resources/templates/registered.html
2025-11-28 15:35:52,622 - Knowledge - INFO - process ingested knowledge for /app/data/T0015/283789/b23749o/ez-learning-283789/src/main/resources/templates/registered.html
2025-11-28 15:35:52,834 - Knowledge - INFO - Found code-base-name: https://github.com/kavia-common/ez-learning-283789.git:kavia-master
2025-11-28 15:35:53,026 - Knowledge - INFO - Found code_base: <app.utils.kg_build.knowledge.KnowledgeCodeBase object at 0x7fb1015f7650>
2025-11-28 15:35:53,299 - Knowledge - INFO - Found code-base-name: https://github.com/kavia-common/ez-learning-283789.git:kavia-master
2025-11-28 15:35:53,481 - Knowledge - INFO - Found code_base: <app.utils.kg_build.knowledge.KnowledgeCodeBase object at 0x7fb1015f7650>
2025-11-28 15:35:53,678 - Knowledge - INFO - persist ingested knowledge for /app/data/T0015/283789/b23749o/ez-learning-283789/src/main/java/com/ezlearning/platform/auth/UserRepository.java
2025-11-28 15:35:53,933 - Knowledge - INFO - [MONGODB_OP] Completed: persist, Collection: file_info, Duration: 77ms
2025-11-28 15:35:54,495 - Knowledge - INFO - [REDIS_OP] Completed: store_embedding, Key: src/main/java/com/ezlearning/platform/auth/UserRepository.java, Duration: 316ms
2025-11-28 15:35:54,675 - Knowledge - INFO - persist search terms embedding for src/main/java/com/ezlearning/platform/auth/UserRepository.java
2025-11-28 15:35:54,913 - Knowledge - INFO - process ingested knowledge for /app/data/T0015/283789/b23749o/ez-learning-283789/src/main/java/com/ezlearning/platform/auth/UserRepository.java
2025-11-28 15:35:55,096 - Knowledge - INFO - Found code-base-name: https://github.com/kavia-common/ez-learning-283789.git:kavia-master
2025-11-28 15:35:55,285 - Knowledge - INFO - Found code_base: <app.utils.kg_build.knowledge.KnowledgeCodeBase object at 0x7fb1015f7650>
2025-11-28 15:35:55,523 - Knowledge - INFO - Found code-base-name: https://github.com/kavia-common/ez-learning-283789.git:kavia-master
2025-11-28 15:35:55,678 - Knowledge - INFO - Found code_base: <app.utils.kg_build.knowledge.KnowledgeCodeBase object at 0x7fb1015f7650>
2025-11-28 15:35:55,870 - Knowledge - INFO - persist ingested knowledge for /app/data/T0015/283789/b23749o/ez-learning-283789/src/main/java/com/ezlearning/platform/auth/AuthGroup.java
2025-11-28 15:35:56,144 - Knowledge - INFO - [MONGODB_OP] Completed: persist, Collection: file_info, Duration: 85ms
2025-11-28 15:35:56,622 - Knowledge - INFO - [REDIS_OP] Completed: store_embedding, Key: src/main/java/com/ezlearning/platform/auth/AuthGroup.java, Duration: 263ms
2025-11-28 15:35:56,820 - Knowledge - INFO - persist search terms embedding for src/main/java/com/ezlearning/platform/auth/AuthGroup.java
2025-11-28 15:35:57,031 - Knowledge - INFO - process ingested knowledge for /app/data/T0015/283789/b23749o/ez-learning-283789/src/main/java/com/ezlearning/platform/auth/AuthGroup.java
2025-11-28 15:35:57,231 - Knowledge - INFO - Found code-base-name: https://github.com/kavia-common/ez-learning-283789.git:kavia-master
2025-11-28 15:35:57,428 - Knowledge - INFO - Found code_base: <app.utils.kg_build.knowledge.KnowledgeCodeBase object at 0x7fb1015f7650>
2025-11-28 15:35:57,685 - Knowledge - INFO - Found code-base-name: https://github.com/kavia-common/ez-learning-283789.git:kavia-master
2025-11-28 15:35:57,879 - Knowledge - INFO - Found code_base: <app.utils.kg_build.knowledge.KnowledgeCodeBase object at 0x7fb1015f7650>
2025-11-28 15:35:58,093 - Knowledge - INFO - persist ingested knowledge for /app/data/T0015/283789/b23749o/ez-learning-283789/src/main/java/com/ezlearning/platform/model/Profesor.java
2025-11-28 15:35:58,392 - Knowledge - INFO - [MONGODB_OP] Completed: persist, Collection: file_info, Duration: 81ms
2025-11-28 15:35:58,858 - Knowledge - INFO - [REDIS_OP] Completed: store_embedding, Key: src/main/java/com/ezlearning/platform/model/Profesor.java, Duration: 265ms
2025-11-28 15:35:59,061 - Knowledge - INFO - persist search terms embedding for src/main/java/com/ezlearning/platform/model/Profesor.java
2025-11-28 15:35:59,300 - Knowledge - INFO - process ingested knowledge for /app/data/T0015/283789/b23749o/ez-learning-283789/src/main/java/com/ezlearning/platform/model/Profesor.java
2025-11-28 15:35:59,498 - Knowledge - INFO - Found code-base-name: https://github.com/kavia-common/ez-learning-283789.git:kavia-master
2025-11-28 15:35:59,660 - Knowledge - INFO - Found code_base: <app.utils.kg_build.knowledge.KnowledgeCodeBase object at 0x7fb1015f7650>
2025-11-28 15:35:59,925 - Knowledge - INFO - Found code-base-name: https://github.com/kavia-common/ez-learning-283789.git:kavia-master
2025-11-28 15:36:00,119 - Knowledge - INFO - Found code_base: <app.utils.kg_build.knowledge.KnowledgeCodeBase object at 0x7fb1015f7650>
2025-11-28 15:36:00,312 - Knowledge - INFO - persist ingested knowledge for /app/data/T0015/283789/b23749o/ez-learning-283789/src/main/resources/static/css/style.css
2025-11-28 15:36:00,607 - Knowledge - INFO - [MONGODB_OP] Completed: persist, Collection: file_info, Duration: 96ms
2025-11-28 15:36:01,095 - Knowledge - INFO - [REDIS_OP] Completed: store_embedding, Key: src/main/resources/static/css/style.css, Duration: 278ms
2025-11-28 15:36:01,290 - Knowledge - INFO - persist search terms embedding for src/main/resources/static/css/style.css
2025-11-28 15:36:01,529 - Knowledge - INFO - process ingested knowledge for /app/data/T0015/283789/b23749o/ez-learning-283789/src/main/resources/static/css/style.css
2025-11-28 15:36:01,723 - Knowledge - INFO - Found code-base-name: https://github.com/kavia-common/ez-learning-283789.git:kavia-master
2025-11-28 15:36:01,892 - Knowledge - INFO - Found code_base: <app.utils.kg_build.knowledge.KnowledgeCodeBase object at 0x7fb1015f7650>
2025-11-28 15:36:02,206 - Knowledge - INFO - Found code-base-name: https://github.com/kavia-common/ez-learning-283789.git:kavia-master
2025-11-28 15:36:02,408 - Knowledge - INFO - Found code_base: <app.utils.kg_build.knowledge.KnowledgeCodeBase object at 0x7fb1015f7650>
2025-11-28 15:36:02,620 - Knowledge - INFO - persist ingested knowledge for /app/data/T0015/283789/b23749o/ez-learning-283789/src/main/java/com/ezlearning/platform/auth/AuthGroupRepository.java
2025-11-28 15:36:02,905 - Knowledge - INFO - [MONGODB_OP] Completed: persist, Collection: file_info, Duration: 90ms
2025-11-28 15:36:03,365 - Knowledge - INFO - [REDIS_OP] Completed: store_embedding, Key: src/main/java/com/ezlearning/platform/auth/AuthGroupRepository.java, Duration: 232ms
2025-11-28 15:36:03,539 - Knowledge - INFO - persist search terms embedding for src/main/java/com/ezlearning/platform/auth/AuthGroupRepository.java
2025-11-28 15:36:03,735 - Knowledge - INFO - process ingested knowledge for /app/data/T0015/283789/b23749o/ez-learning-283789/src/main/java/com/ezlearning/platform/auth/AuthGroupRepository.java
2025-11-28 15:36:03,960 - Knowledge - INFO - Found code-base-name: https://github.com/kavia-common/ez-learning-283789.git:kavia-master
2025-11-28 15:36:04,186 - Knowledge - INFO - Found code_base: <app.utils.kg_build.knowledge.KnowledgeCodeBase object at 0x7fb1015f7650>
2025-11-28 15:36:04,464 - Knowledge - INFO - Found code-base-name: https://github.com/kavia-common/ez-learning-283789.git:kavia-master
2025-11-28 15:36:04,626 - Knowledge - INFO - Found code_base: <app.utils.kg_build.knowledge.KnowledgeCodeBase object at 0x7fb1015f7650>
2025-11-28 15:36:04,813 - Knowledge - INFO - persist ingested knowledge for /app/data/T0015/283789/b23749o/ez-learning-283789/src/main/java/com/ezlearning/platform/auth/User.java
2025-11-28 15:36:05,121 - Knowledge - INFO - [MONGODB_OP] Completed: persist, Collection: file_info, Duration: 89ms
2025-11-28 15:36:05,505 - Knowledge - INFO - [REDIS_OP] Completed: store_embedding, Key: src/main/java/com/ezlearning/platform/auth/User.java, Duration: 207ms
2025-11-28 15:36:05,728 - Knowledge - INFO - persist search terms embedding for src/main/java/com/ezlearning/platform/auth/User.java
2025-11-28 15:36:05,934 - Knowledge - INFO - process ingested knowledge for /app/data/T0015/283789/b23749o/ez-learning-283789/src/main/java/com/ezlearning/platform/auth/User.java
2025-11-28 15:36:06,157 - Knowledge - INFO - Found code-base-name: https://github.com/kavia-common/ez-learning-283789.git:kavia-master
2025-11-28 15:36:06,324 - Knowledge - INFO - Found code_base: <app.utils.kg_build.knowledge.KnowledgeCodeBase object at 0x7fb1015f7650>
2025-11-28 15:36:06,614 - Knowledge - INFO - Found code-base-name: https://github.com/kavia-common/ez-learning-283789.git:kavia-master
2025-11-28 15:36:06,814 - Knowledge - INFO - Found code_base: <app.utils.kg_build.knowledge.KnowledgeCodeBase object at 0x7fb1015f7650>
2025-11-28 15:36:06,983 - Knowledge - INFO - persist ingested knowledge for /app/data/T0015/283789/b23749o/ez-learning-283789/src/main/java/com/ezlearning/platform/controller/UserController.java
2025-11-28 15:36:07,239 - Knowledge - INFO - [MONGODB_OP] Completed: persist, Collection: file_info, Duration: 92ms
2025-11-28 15:36:07,704 - Knowledge - INFO - [REDIS_OP] Completed: store_embedding, Key: src/main/java/com/ezlearning/platform/controller/UserController.java, Duration: 292ms
2025-11-28 15:36:07,917 - Knowledge - INFO - persist search terms embedding for src/main/java/com/ezlearning/platform/controller/UserController.java
2025-11-28 15:36:08,119 - Knowledge - INFO - process ingested knowledge for /app/data/T0015/283789/b23749o/ez-learning-283789/src/main/java/com/ezlearning/platform/controller/UserController.java
2025-11-28 15:36:08,326 - Knowledge - INFO - Found code-base-name: https://github.com/kavia-common/ez-learning-283789.git:kavia-master
2025-11-28 15:36:08,521 - Knowledge - INFO - Found code_base: <app.utils.kg_build.knowledge.KnowledgeCodeBase object at 0x7fb1015f7650>
2025-11-28 15:36:08,751 - Knowledge - INFO - Found code-base-name: https://github.com/kavia-common/ez-learning-283789.git:kavia-master
2025-11-28 15:36:08,969 - Knowledge - INFO - Found code_base: <app.utils.kg_build.knowledge.KnowledgeCodeBase object at 0x7fb1015f7650>
2025-11-28 15:36:09,152 - Knowledge - INFO - persist ingested knowledge for /app/data/T0015/283789/b23749o/ez-learning-283789/src/main/java/com/ezlearning/platform/auth/EzLearningUserDetailsService.java
2025-11-28 15:36:09,465 - Knowledge - INFO - [MONGODB_OP] Completed: persist, Collection: file_info, Duration: 95ms
2025-11-28 15:36:09,911 - Knowledge - INFO - [REDIS_OP] Completed: store_embedding, Key: src/main/java/com/ezlearning/platform/auth/EzLearningUserDetailsService.java, Duration: 230ms
2025-11-28 15:36:10,119 - Knowledge - INFO - persist search terms embedding for src/main/java/com/ezlearning/platform/auth/EzLearningUserDetailsService.java
2025-11-28 15:36:10,302 - Knowledge - INFO - process ingested knowledge for /app/data/T0015/283789/b23749o/ez-learning-283789/src/main/java/com/ezlearning/platform/auth/EzLearningUserDetailsService.java
2025-11-28 15:36:10,476 - Knowledge - INFO - Found code-base-name: https://github.com/kavia-common/ez-learning-283789.git:kavia-master
2025-11-28 15:36:10,682 - Knowledge - INFO - Found code_base: <app.utils.kg_build.knowledge.KnowledgeCodeBase object at 0x7fb1015f7650>
2025-11-28 15:36:10,957 - Knowledge - INFO - Found code-base-name: https://github.com/kavia-common/ez-learning-283789.git:kavia-master
2025-11-28 15:36:11,111 - Knowledge - INFO - Found code_base: <app.utils.kg_build.knowledge.KnowledgeCodeBase object at 0x7fb1015f7650>
2025-11-28 15:36:11,289 - Knowledge - INFO - persist ingested knowledge for /app/data/T0015/283789/b23749o/ez-learning-283789/src/main/resources/static/css/materialize.css
2025-11-28 15:36:11,586 - Knowledge - INFO - [MONGODB_OP] Completed: persist, Collection: file_info, Duration: 87ms
2025-11-28 15:36:12,069 - Knowledge - INFO - [REDIS_OP] Completed: store_embedding, Key: src/main/resources/static/css/materialize.css, Duration: 280ms
2025-11-28 15:36:12,244 - Knowledge - INFO - persist search terms embedding for src/main/resources/static/css/materialize.css
2025-11-28 15:36:12,419 - Knowledge - INFO - process ingested knowledge for /app/data/T0015/283789/b23749o/ez-learning-283789/src/main/resources/static/css/materialize.css
2025-11-28 15:36:12,650 - Knowledge - INFO - Found code-base-name: https://github.com/kavia-common/ez-learning-283789.git:kavia-master
2025-11-28 15:36:12,840 - Knowledge - INFO - Found code_base: <app.utils.kg_build.knowledge.KnowledgeCodeBase object at 0x7fb1015f7650>
2025-11-28 15:36:13,130 - Knowledge - INFO - Found code-base-name: https://github.com/kavia-common/ez-learning-283789.git:kavia-master
2025-11-28 15:36:13,328 - Knowledge - INFO - Found code_base: <app.utils.kg_build.knowledge.KnowledgeCodeBase object at 0x7fb1015f7650>
2025-11-28 15:36:13,534 - Knowledge - INFO - persist ingested knowledge for /app/data/T0015/283789/b23749o/ez-learning-283789/src/main/resources/static/js/materialize.js
2025-11-28 15:36:13,806 - Knowledge - INFO - [MONGODB_OP] Completed: persist, Collection: file_info, Duration: 85ms
2025-11-28 15:36:14,308 - Knowledge - INFO - [REDIS_OP] Completed: store_embedding, Key: src/main/resources/static/js/materialize.js, Duration: 273ms
2025-11-28 15:36:14,473 - Knowledge - INFO - persist search terms embedding for src/main/resources/static/js/materialize.js
2025-11-28 15:36:14,641 - Knowledge - INFO - process ingested knowledge for /app/data/T0015/283789/b23749o/ez-learning-283789/src/main/resources/static/js/materialize.js
2025-11-28 15:36:14,817 - Knowledge - INFO - Found code-base-name: https://github.com/kavia-common/ez-learning-283789.git:kavia-master
2025-11-28 15:36:15,025 - Knowledge - INFO - Found code_base: <app.utils.kg_build.knowledge.KnowledgeCodeBase object at 0x7fb1015f7650>
2025-11-28 15:36:15,279 - Knowledge - INFO - Found code-base-name: https://github.com/kavia-common/ez-learning-283789.git:kavia-master
2025-11-28 15:36:15,451 - Knowledge - INFO - Found code_base: <app.utils.kg_build.knowledge.KnowledgeCodeBase object at 0x7fb1015f7650>
2025-11-28 15:36:15,622 - Knowledge - INFO - persist ingested knowledge for /app/data/T0015/283789/b23749o/ez-learning-283789/src/main/resources/db/migration/V1.1__schema.sql
2025-11-28 15:36:15,917 - Knowledge - INFO - [MONGODB_OP] Completed: persist, Collection: file_info, Duration: 100ms
2025-11-28 15:36:16,478 - Knowledge - INFO - [REDIS_OP] Completed: store_embedding, Key: src/main/resources/db/migration/V1.1__schema.sql, Duration: 370ms
2025-11-28 15:36:16,663 - Knowledge - INFO - persist search terms embedding for src/main/resources/db/migration/V1.1__schema.sql
2025-11-28 15:36:16,907 - Knowledge - INFO - process ingested knowledge for /app/data/T0015/283789/b23749o/ez-learning-283789/src/main/resources/db/migration/V1.1__schema.sql
2025-11-28 15:36:17,088 - Knowledge - INFO - Found code-base-name: https://github.com/kavia-common/ez-learning-283789.git:kavia-master
2025-11-28 15:36:17,307 - Knowledge - INFO - Found code_base: <app.utils.kg_build.knowledge.KnowledgeCodeBase object at 0x7fb1015f7650>
2025-11-28 15:36:17,545 - Knowledge - INFO - Found code-base-name: https://github.com/kavia-common/ez-learning-283789.git:kavia-master
2025-11-28 15:36:17,720 - Knowledge - INFO - Found code_base: <app.utils.kg_build.knowledge.KnowledgeCodeBase object at 0x7fb1015f7650>
2025-11-28 15:36:17,928 - Knowledge - INFO - persist ingested knowledge for /app/data/T0015/283789/b23749o/ez-learning-283789/src/main/resources/templates/cursos/curso-add.html
2025-11-28 15:36:18,233 - Knowledge - INFO - [MONGODB_OP] Completed: persist, Collection: file_info, Duration: 105ms
2025-11-28 15:36:18,643 - Knowledge - INFO - [REDIS_OP] Completed: store_embedding, Key: src/main/resources/templates/cursos/curso-add.html, Duration: 259ms
2025-11-28 15:36:18,810 - Knowledge - INFO - persist search terms embedding for src/main/resources/templates/cursos/curso-add.html
2025-11-28 15:36:19,004 - Knowledge - INFO - process ingested knowledge for /app/data/T0015/283789/b23749o/ez-learning-283789/src/main/resources/templates/cursos/curso-add.html
2025-11-28 15:36:19,189 - Knowledge - INFO - Found code-base-name: https://github.com/kavia-common/ez-learning-283789.git:kavia-master
2025-11-28 15:36:19,362 - Knowledge - INFO - Found code_base: <app.utils.kg_build.knowledge.KnowledgeCodeBase object at 0x7fb1015f7650>
2025-11-28 15:36:19,609 - Knowledge - INFO - Found code-base-name: https://github.com/kavia-common/ez-learning-283789.git:kavia-master
2025-11-28 15:36:19,781 - Knowledge - INFO - Found code_base: <app.utils.kg_build.knowledge.KnowledgeCodeBase object at 0x7fb1015f7650>
2025-11-28 15:36:19,999 - Knowledge - INFO - persist ingested knowledge for /app/data/T0015/283789/b23749o/ez-learning-283789/src/main/resources/templates/user/user-edit.html
2025-11-28 15:36:20,280 - Knowledge - INFO - [MONGODB_OP] Completed: persist, Collection: file_info, Duration: 84ms
2025-11-28 15:36:20,716 - Knowledge - INFO - [REDIS_OP] Completed: store_embedding, Key: src/main/resources/templates/user/user-edit.html, Duration: 244ms
2025-11-28 15:36:20,914 - Knowledge - INFO - persist search terms embedding for src/main/resources/templates/user/user-edit.html
2025-11-28 15:36:21,135 - Knowledge - INFO - process ingested knowledge for /app/data/T0015/283789/b23749o/ez-learning-283789/src/main/resources/templates/user/user-edit.html
2025-11-28 15:36:21,344 - Knowledge - INFO - Found code-base-name: https://github.com/kavia-common/ez-learning-283789.git:kavia-master
2025-11-28 15:36:21,535 - Knowledge - INFO - Found code_base: <app.utils.kg_build.knowledge.KnowledgeCodeBase object at 0x7fb1015f7650>
2025-11-28 15:36:21,791 - Knowledge - INFO - Found code-base-name: https://github.com/kavia-common/ez-learning-283789.git:kavia-master
2025-11-28 15:36:21,986 - Knowledge - INFO - Found code_base: <app.utils.kg_build.knowledge.KnowledgeCodeBase object at 0x7fb1015f7650>
2025-11-28 15:36:22,182 - Knowledge - INFO - persist ingested knowledge for /app/data/T0015/283789/b23749o/ez-learning-283789/src/main/resources/templates/matricula-success.html
2025-11-28 15:36:22,462 - Knowledge - INFO - [MONGODB_OP] Completed: persist, Collection: file_info, Duration: 91ms
2025-11-28 15:36:22,891 - Knowledge - INFO - [REDIS_OP] Completed: store_embedding, Key: src/main/resources/templates/matricula-success.html, Duration: 223ms
2025-11-28 15:36:23,076 - Knowledge - INFO - persist search terms embedding for src/main/resources/templates/matricula-success.html
2025-11-28 15:36:23,244 - Knowledge - INFO - process ingested knowledge for /app/data/T0015/283789/b23749o/ez-learning-283789/src/main/resources/templates/matricula-success.html
2025-11-28 15:36:23,450 - Knowledge - INFO - Found code-base-name: https://github.com/kavia-common/ez-learning-283789.git:kavia-master
2025-11-28 15:36:23,663 - Knowledge - INFO - Found code_base: <app.utils.kg_build.knowledge.KnowledgeCodeBase object at 0x7fb1015f7650>
2025-11-28 15:36:23,912 - Knowledge - INFO - Found code-base-name: https://github.com/kavia-common/ez-learning-283789.git:kavia-master
2025-11-28 15:36:24,092 - Knowledge - INFO - Found code_base: <app.utils.kg_build.knowledge.KnowledgeCodeBase object at 0x7fb1015f7650>
2025-11-28 15:36:24,258 - Knowledge - INFO - persist ingested knowledge for /app/data/T0015/283789/b23749o/ez-learning-283789/src/main/java/com/ezlearning/platform/model/Matricula.java
2025-11-28 15:36:24,534 - Knowledge - INFO - [MONGODB_OP] Completed: persist, Collection: file_info, Duration: 85ms
2025-11-28 15:36:24,996 - Knowledge - INFO - [REDIS_OP] Completed: store_embedding, Key: src/main/java/com/ezlearning/platform/model/Matricula.java, Duration: 253ms
2025-11-28 15:36:25,207 - Knowledge - INFO - persist search terms embedding for src/main/java/com/ezlearning/platform/model/Matricula.java
2025-11-28 15:36:25,394 - Knowledge - INFO - process ingested knowledge for /app/data/T0015/283789/b23749o/ez-learning-283789/src/main/java/com/ezlearning/platform/model/Matricula.java
2025-11-28 15:36:25,628 - Knowledge - INFO - Found code-base-name: https://github.com/kavia-common/ez-learning-283789.git:kavia-master
2025-11-28 15:36:25,825 - Knowledge - INFO - Found code_base: <app.utils.kg_build.knowledge.KnowledgeCodeBase object at 0x7fb1015f7650>
2025-11-28 15:36:26,058 - Knowledge - INFO - Found code-base-name: https://github.com/kavia-common/ez-learning-283789.git:kavia-master
2025-11-28 15:36:26,256 - Knowledge - INFO - Found code_base: <app.utils.kg_build.knowledge.KnowledgeCodeBase object at 0x7fb1015f7650>
2025-11-28 15:36:26,434 - Knowledge - INFO - persist ingested knowledge for /app/data/T0015/283789/b23749o/ez-learning-283789/src/main/java/com/ezlearning/platform/auth/UserPrincipal.java
2025-11-28 15:36:26,785 - Knowledge - INFO - [MONGODB_OP] Completed: persist, Collection: file_info, Duration: 89ms
2025-11-28 15:36:27,226 - Knowledge - INFO - [REDIS_OP] Completed: store_embedding, Key: src/main/java/com/ezlearning/platform/auth/UserPrincipal.java, Duration: 234ms
2025-11-28 15:36:27,461 - Knowledge - INFO - persist search terms embedding for src/main/java/com/ezlearning/platform/auth/UserPrincipal.java
2025-11-28 15:36:27,651 - Knowledge - INFO - process ingested knowledge for /app/data/T0015/283789/b23749o/ez-learning-283789/src/main/java/com/ezlearning/platform/auth/UserPrincipal.java
2025-11-28 15:36:27,877 - Knowledge - INFO - Found code-base-name: https://github.com/kavia-common/ez-learning-283789.git:kavia-master
2025-11-28 15:36:28,076 - Knowledge - INFO - Found code_base: <app.utils.kg_build.knowledge.KnowledgeCodeBase object at 0x7fb1015f7650>
2025-11-28 15:36:28,321 - Knowledge - INFO - Found code-base-name: https://github.com/kavia-common/ez-learning-283789.git:kavia-master
2025-11-28 15:36:28,521 - Knowledge - INFO - Found code_base: <app.utils.kg_build.knowledge.KnowledgeCodeBase object at 0x7fb1015f7650>
2025-11-28 15:36:28,732 - Knowledge - INFO - persist ingested knowledge for /app/data/T0015/283789/b23749o/ez-learning-283789/src/main/resources/templates/fragments/head.html
2025-11-28 15:36:28,988 - Knowledge - INFO - [MONGODB_OP] Completed: persist, Collection: file_info, Duration: 82ms
2025-11-28 15:36:29,416 - Knowledge - INFO - [REDIS_OP] Completed: store_embedding, Key: src/main/resources/templates/fragments/head.html, Duration: 239ms
2025-11-28 15:36:29,611 - Knowledge - INFO - persist search terms embedding for src/main/resources/templates/fragments/head.html
2025-11-28 15:36:29,837 - Knowledge - INFO - process ingested knowledge for /app/data/T0015/283789/b23749o/ez-learning-283789/src/main/resources/templates/fragments/head.html
2025-11-28 15:36:30,092 - Knowledge - INFO - Found code-base-name: https://github.com/kavia-common/ez-learning-283789.git:kavia-master
2025-11-28 15:36:30,312 - Knowledge - INFO - Found code_base: <app.utils.kg_build.knowledge.KnowledgeCodeBase object at 0x7fb1015f7650>
2025-11-28 15:36:30,581 - Knowledge - INFO - Found code-base-name: https://github.com/kavia-common/ez-learning-283789.git:kavia-master
2025-11-28 15:36:30,796 - Knowledge - INFO - Found code_base: <app.utils.kg_build.knowledge.KnowledgeCodeBase object at 0x7fb1015f7650>
2025-11-28 15:36:30,991 - Knowledge - INFO - persist ingested knowledge for /app/data/T0015/283789/b23749o/ez-learning-283789/src/main/resources/templates/index.html
2025-11-28 15:36:31,248 - Knowledge - INFO - [MONGODB_OP] Completed: persist, Collection: file_info, Duration: 86ms
2025-11-28 15:36:31,943 - Knowledge - INFO - [REDIS_OP] Completed: store_embedding, Key: src/main/resources/templates/index.html, Duration: 484ms
2025-11-28 15:36:32,161 - Knowledge - INFO - persist search terms embedding for src/main/resources/templates/index.html
2025-11-28 15:36:32,348 - Knowledge - INFO - process ingested knowledge for /app/data/T0015/283789/b23749o/ez-learning-283789/src/main/resources/templates/index.html
2025-11-28 15:36:32,528 - Knowledge - INFO - Found code-base-name: https://github.com/kavia-common/ez-learning-283789.git:kavia-master
2025-11-28 15:36:32,724 - Knowledge - INFO - Found code_base: <app.utils.kg_build.knowledge.KnowledgeCodeBase object at 0x7fb1015f7650>
2025-11-28 15:36:32,992 - Knowledge - INFO - Found code-base-name: https://github.com/kavia-common/ez-learning-283789.git:kavia-master
2025-11-28 15:36:33,184 - Knowledge - INFO - Found code_base: <app.utils.kg_build.knowledge.KnowledgeCodeBase object at 0x7fb1015f7650>
2025-11-28 15:36:33,412 - Knowledge - INFO - persist ingested knowledge for /app/data/T0015/283789/b23749o/ez-learning-283789/src/main/java/com/ezlearning/platform/services/core/impl/ProfesorService.java
2025-11-28 15:36:33,731 - Knowledge - INFO - [MONGODB_OP] Completed: persist, Collection: file_info, Duration: 91ms
2025-11-28 15:36:34,178 - Knowledge - INFO - [REDIS_OP] Completed: store_embedding, Key: src/main/java/com/ezlearning/platform/services/core/impl/ProfesorService.java, Duration: 261ms
2025-11-28 15:36:34,371 - Knowledge - INFO - persist search terms embedding for src/main/java/com/ezlearning/platform/services/core/impl/ProfesorService.java
2025-11-28 15:36:34,598 - Knowledge - INFO - process ingested knowledge for /app/data/T0015/283789/b23749o/ez-learning-283789/src/main/java/com/ezlearning/platform/services/core/impl/ProfesorService.java
2025-11-28 15:36:34,849 - Knowledge - INFO - Found code-base-name: https://github.com/kavia-common/ez-learning-283789.git:kavia-master
2025-11-28 15:36:35,051 - Knowledge - INFO - Found code_base: <app.utils.kg_build.knowledge.KnowledgeCodeBase object at 0x7fb1015f7650>
2025-11-28 15:36:35,324 - Knowledge - INFO - Found code-base-name: https://github.com/kavia-common/ez-learning-283789.git:kavia-master
2025-11-28 15:36:35,484 - Knowledge - INFO - Found code_base: <app.utils.kg_build.knowledge.KnowledgeCodeBase object at 0x7fb1015f7650>
2025-11-28 15:36:35,655 - Knowledge - INFO - persist ingested knowledge for /app/data/T0015/283789/b23749o/ez-learning-283789/src/main/java/com/ezlearning/platform/PlatformApplication.java
2025-11-28 15:36:35,931 - Knowledge - INFO - [MONGODB_OP] Completed: persist, Collection: file_info, Duration: 83ms
2025-11-28 15:36:36,319 - Knowledge - INFO - [REDIS_OP] Completed: store_embedding, Key: src/main/java/com/ezlearning/platform/PlatformApplication.java, Duration: 207ms
2025-11-28 15:36:36,522 - Knowledge - INFO - persist search terms embedding for src/main/java/com/ezlearning/platform/PlatformApplication.java
2025-11-28 15:36:36,692 - Knowledge - INFO - process ingested knowledge for /app/data/T0015/283789/b23749o/ez-learning-283789/src/main/java/com/ezlearning/platform/PlatformApplication.java
2025-11-28 15:36:36,864 - Knowledge - INFO - Found code-base-name: https://github.com/kavia-common/ez-learning-283789.git:kavia-master
2025-11-28 15:36:37,053 - Knowledge - INFO - Found code_base: <app.utils.kg_build.knowledge.KnowledgeCodeBase object at 0x7fb1015f7650>
2025-11-28 15:36:37,306 - Knowledge - INFO - Found code-base-name: https://github.com/kavia-common/ez-learning-283789.git:kavia-master
2025-11-28 15:36:37,509 - Knowledge - INFO - Found code_base: <app.utils.kg_build.knowledge.KnowledgeCodeBase object at 0x7fb1015f7650>
2025-11-28 15:36:37,744 - Knowledge - INFO - persist ingested knowledge for /app/data/T0015/283789/b23749o/ez-learning-283789/src/main/java/com/ezlearning/platform/services/core/impl/CursoService.java
2025-11-28 15:36:38,003 - Knowledge - INFO - [MONGODB_OP] Completed: persist, Collection: file_info, Duration: 86ms
2025-11-28 15:36:38,416 - Knowledge - INFO - [REDIS_OP] Completed: store_embedding, Key: src/main/java/com/ezlearning/platform/services/core/impl/CursoService.java, Duration: 205ms
2025-11-28 15:36:38,607 - Knowledge - INFO - persist search terms embedding for src/main/java/com/ezlearning/platform/services/core/impl/CursoService.java
2025-11-28 15:36:38,817 - Knowledge - INFO - process ingested knowledge for /app/data/T0015/283789/b23749o/ez-learning-283789/src/main/java/com/ezlearning/platform/services/core/impl/CursoService.java
2025-11-28 15:36:39,022 - Knowledge - INFO - Found code-base-name: https://github.com/kavia-common/ez-learning-283789.git:kavia-master
2025-11-28 15:36:39,192 - Knowledge - INFO - Found code_base: <app.utils.kg_build.knowledge.KnowledgeCodeBase object at 0x7fb1015f7650>
2025-11-28 15:36:39,460 - Knowledge - INFO - Found code-base-name: https://github.com/kavia-common/ez-learning-283789.git:kavia-master
2025-11-28 15:36:39,679 - Knowledge - INFO - Found code_base: <app.utils.kg_build.knowledge.KnowledgeCodeBase object at 0x7fb1015f7650>
2025-11-28 15:36:39,862 - Knowledge - INFO - persist ingested knowledge for /app/data/T0015/283789/b23749o/ez-learning-283789/src/main/java/com/ezlearning/platform/controller/MatriculaController.java
2025-11-28 15:36:40,135 - Knowledge - INFO - [MONGODB_OP] Completed: persist, Collection: file_info, Duration: 93ms
2025-11-28 15:36:40,603 - Knowledge - INFO - [REDIS_OP] Completed: store_embedding, Key: src/main/java/com/ezlearning/platform/controller/MatriculaController.java, Duration: 285ms
2025-11-28 15:36:40,779 - Knowledge - INFO - persist search terms embedding for src/main/java/com/ezlearning/platform/controller/MatriculaController.java
2025-11-28 15:36:41,033 - Knowledge - INFO - process ingested knowledge for /app/data/T0015/283789/b23749o/ez-learning-283789/src/main/java/com/ezlearning/platform/controller/MatriculaController.java
2025-11-28 15:36:41,199 - Knowledge - INFO - Found code-base-name: https://github.com/kavia-common/ez-learning-283789.git:kavia-master
2025-11-28 15:36:41,410 - Knowledge - INFO - Found code_base: <app.utils.kg_build.knowledge.KnowledgeCodeBase object at 0x7fb1015f7650>
2025-11-28 15:36:41,668 - Knowledge - INFO - Found code-base-name: https://github.com/kavia-common/ez-learning-283789.git:kavia-master
2025-11-28 15:36:41,889 - Knowledge - INFO - Found code_base: <app.utils.kg_build.knowledge.KnowledgeCodeBase object at 0x7fb1015f7650>
2025-11-28 15:36:42,101 - Knowledge - INFO - persist ingested knowledge for /app/data/T0015/283789/b23749o/ez-learning-283789/src/main/java/com/ezlearning/platform/services/core/GenericService.java
2025-11-28 15:36:42,389 - Knowledge - INFO - [MONGODB_OP] Completed: persist, Collection: file_info, Duration: 84ms
2025-11-28 15:36:42,875 - Knowledge - INFO - [REDIS_OP] Completed: store_embedding, Key: src/main/java/com/ezlearning/platform/services/core/GenericService.java, Duration: 275ms
2025-11-28 15:36:43,055 - Knowledge - INFO - persist search terms embedding for src/main/java/com/ezlearning/platform/services/core/GenericService.java
2025-11-28 15:36:43,219 - Knowledge - INFO - process ingested knowledge for /app/data/T0015/283789/b23749o/ez-learning-283789/src/main/java/com/ezlearning/platform/services/core/GenericService.java
2025-11-28 15:36:43,411 - Knowledge - INFO - Found code-base-name: https://github.com/kavia-common/ez-learning-283789.git:kavia-master
2025-11-28 15:36:43,600 - Knowledge - INFO - Found code_base: <app.utils.kg_build.knowledge.KnowledgeCodeBase object at 0x7fb1015f7650>
2025-11-28 15:36:43,833 - Knowledge - INFO - Found code-base-name: https://github.com/kavia-common/ez-learning-283789.git:kavia-master
2025-11-28 15:36:44,023 - Knowledge - INFO - Found code_base: <app.utils.kg_build.knowledge.KnowledgeCodeBase object at 0x7fb1015f7650>
2025-11-28 15:36:44,215 - Knowledge - INFO - persist ingested knowledge for /app/data/T0015/283789/b23749o/ez-learning-283789/src/main/resources/templates/discover.html
2025-11-28 15:36:44,477 - Knowledge - INFO - [MONGODB_OP] Completed: persist, Collection: file_info, Duration: 87ms
2025-11-28 15:36:44,896 - Knowledge - INFO - [REDIS_OP] Completed: store_embedding, Key: src/main/resources/templates/discover.html, Duration: 227ms
2025-11-28 15:36:45,124 - Knowledge - INFO - persist search terms embedding for src/main/resources/templates/discover.html
2025-11-28 15:36:45,331 - Knowledge - INFO - process ingested knowledge for /app/data/T0015/283789/b23749o/ez-learning-283789/src/main/resources/templates/discover.html
2025-11-28 15:36:45,549 - Knowledge - INFO - Found code-base-name: https://github.com/kavia-common/ez-learning-283789.git:kavia-master
2025-11-28 15:36:45,750 - Knowledge - INFO - Found code_base: <app.utils.kg_build.knowledge.KnowledgeCodeBase object at 0x7fb1015f7650>
2025-11-28 15:36:45,981 - Knowledge - INFO - Found code-base-name: https://github.com/kavia-common/ez-learning-283789.git:kavia-master
2025-11-28 15:36:46,177 - Knowledge - INFO - Found code_base: <app.utils.kg_build.knowledge.KnowledgeCodeBase object at 0x7fb1015f7650>
2025-11-28 15:36:46,380 - Knowledge - INFO - persist ingested knowledge for /app/data/T0015/283789/b23749o/ez-learning-283789/src/main/resources/templates/profesores/profesores.html
2025-11-28 15:36:46,640 - Knowledge - INFO - [MONGODB_OP] Completed: persist, Collection: file_info, Duration: 88ms
2025-11-28 15:36:47,057 - Knowledge - INFO - [REDIS_OP] Completed: store_embedding, Key: src/main/resources/templates/profesores/profesores.html, Duration: 249ms
2025-11-28 15:36:47,241 - Knowledge - INFO - persist search terms embedding for src/main/resources/templates/profesores/profesores.html
2025-11-28 15:36:47,455 - Knowledge - INFO - process ingested knowledge for /app/data/T0015/283789/b23749o/ez-learning-283789/src/main/resources/templates/profesores/profesores.html
2025-11-28 15:36:47,655 - Knowledge - INFO - Found code-base-name: https://github.com/kavia-common/ez-learning-283789.git:kavia-master
2025-11-28 15:36:47,885 - Knowledge - INFO - Found code_base: <app.utils.kg_build.knowledge.KnowledgeCodeBase object at 0x7fb1015f7650>
2025-11-28 15:36:48,177 - Knowledge - INFO - Found code-base-name: https://github.com/kavia-common/ez-learning-283789.git:kavia-master
2025-11-28 15:36:48,347 - Knowledge - INFO - Found code_base: <app.utils.kg_build.knowledge.KnowledgeCodeBase object at 0x7fb1015f7650>
2025-11-28 15:36:48,536 - Knowledge - INFO - persist ingested knowledge for /app/data/T0015/283789/b23749o/ez-learning-283789/src/main/java/com/ezlearning/platform/dto/CursoDto.java
2025-11-28 15:36:48,826 - Knowledge - INFO - [MONGODB_OP] Completed: persist, Collection: file_info, Duration: 86ms
2025-11-28 15:36:49,223 - Knowledge - INFO - [REDIS_OP] Completed: store_embedding, Key: src/main/java/com/ezlearning/platform/dto/CursoDto.java, Duration: 185ms
2025-11-28 15:36:49,412 - Knowledge - INFO - persist search terms embedding for src/main/java/com/ezlearning/platform/dto/CursoDto.java
2025-11-28 15:36:49,625 - Knowledge - INFO - process ingested knowledge for /app/data/T0015/283789/b23749o/ez-learning-283789/src/main/java/com/ezlearning/platform/dto/CursoDto.java
2025-11-28 15:36:49,855 - Knowledge - INFO - Found code-base-name: https://github.com/kavia-common/ez-learning-283789.git:kavia-master
2025-11-28 15:36:50,066 - Knowledge - INFO - Found code_base: <app.utils.kg_build.knowledge.KnowledgeCodeBase object at 0x7fb1015f7650>
2025-11-28 15:36:50,328 - Knowledge - INFO - Found code-base-name: https://github.com/kavia-common/ez-learning-283789.git:kavia-master
2025-11-28 15:36:50,488 - Knowledge - INFO - Found code_base: <app.utils.kg_build.knowledge.KnowledgeCodeBase object at 0x7fb1015f7650>
2025-11-28 15:36:50,675 - Knowledge - INFO - persist ingested knowledge for /app/data/T0015/283789/b23749o/ez-learning-283789/src/main/java/com/ezlearning/platform/repositories/MatriculaRepository.java
2025-11-28 15:36:50,934 - Knowledge - INFO - [MONGODB_OP] Completed: persist, Collection: file_info, Duration: 80ms
2025-11-28 15:36:51,403 - Knowledge - INFO - [REDIS_OP] Completed: store_embedding, Key: src/main/java/com/ezlearning/platform/repositories/MatriculaRepository.java, Duration: 282ms
2025-11-28 15:36:51,620 - Knowledge - INFO - persist search terms embedding for src/main/java/com/ezlearning/platform/repositories/MatriculaRepository.java
2025-11-28 15:36:51,811 - Knowledge - INFO - process ingested knowledge for /app/data/T0015/283789/b23749o/ez-learning-283789/src/main/java/com/ezlearning/platform/repositories/MatriculaRepository.java
2025-11-28 15:36:52,027 - Knowledge - INFO - Found code-base-name: https://github.com/kavia-common/ez-learning-283789.git:kavia-master
2025-11-28 15:36:52,184 - Knowledge - INFO - Found code_base: <app.utils.kg_build.knowledge.KnowledgeCodeBase object at 0x7fb1015f7650>
2025-11-28 15:36:52,418 - Knowledge - INFO - Found code-base-name: https://github.com/kavia-common/ez-learning-283789.git:kavia-master
2025-11-28 15:36:52,620 - Knowledge - INFO - Found code_base: <app.utils.kg_build.knowledge.KnowledgeCodeBase object at 0x7fb1015f7650>
2025-11-28 15:36:52,874 - Knowledge - INFO - persist ingested knowledge for /app/data/T0015/283789/b23749o/ez-learning-283789/src/main/resources/templates/user/profile.html
2025-11-28 15:36:53,147 - Knowledge - INFO - [MONGODB_OP] Completed: persist, Collection: file_info, Duration: 84ms
2025-11-28 15:36:53,561 - Knowledge - INFO - [REDIS_OP] Completed: store_embedding, Key: src/main/resources/templates/user/profile.html, Duration: 225ms
2025-11-28 15:36:53,783 - Knowledge - INFO - persist search terms embedding for src/main/resources/templates/user/profile.html
2025-11-28 15:36:53,946 - Knowledge - INFO - process ingested knowledge for /app/data/T0015/283789/b23749o/ez-learning-283789/src/main/resources/templates/user/profile.html
2025-11-28 15:36:54,151 - Knowledge - INFO - Found code-base-name: https://github.com/kavia-common/ez-learning-283789.git:kavia-master
2025-11-28 15:36:54,348 - Knowledge - INFO - Found code_base: <app.utils.kg_build.knowledge.KnowledgeCodeBase object at 0x7fb1015f7650>
2025-11-28 15:36:54,594 - Knowledge - INFO - Found code-base-name: https://github.com/kavia-common/ez-learning-283789.git:kavia-master
2025-11-28 15:36:54,753 - Knowledge - INFO - Found code_base: <app.utils.kg_build.knowledge.KnowledgeCodeBase object at 0x7fb1015f7650>
2025-11-28 15:36:54,943 - Knowledge - INFO - persist ingested knowledge for /app/data/T0015/283789/b23749o/ez-learning-283789/src/main/resources/templates/fragments/header.html
2025-11-28 15:36:55,257 - Knowledge - INFO - [MONGODB_OP] Completed: persist, Collection: file_info, Duration: 99ms
2025-11-28 15:36:55,655 - Knowledge - INFO - [REDIS_OP] Completed: store_embedding, Key: src/main/resources/templates/fragments/header.html, Duration: 242ms
2025-11-28 15:36:55,847 - Knowledge - INFO - persist search terms embedding for src/main/resources/templates/fragments/header.html
2025-11-28 15:36:56,023 - Knowledge - INFO - process ingested knowledge for /app/data/T0015/283789/b23749o/ez-learning-283789/src/main/resources/templates/fragments/header.html
2025-11-28 15:36:56,249 - Knowledge - INFO - Found code-base-name: https://github.com/kavia-common/ez-learning-283789.git:kavia-master
2025-11-28 15:36:56,448 - Knowledge - INFO - Found code_base: <app.utils.kg_build.knowledge.KnowledgeCodeBase object at 0x7fb1015f7650>
2025-11-28 15:36:56,695 - Knowledge - INFO - Found code-base-name: https://github.com/kavia-common/ez-learning-283789.git:kavia-master
2025-11-28 15:36:56,930 - Knowledge - INFO - Found code_base: <app.utils.kg_build.knowledge.KnowledgeCodeBase object at 0x7fb1015f7650>
2025-11-28 15:36:57,092 - Knowledge - INFO - persist ingested knowledge for /app/data/T0015/283789/b23749o/ez-learning-283789/README.md
2025-11-28 15:36:57,356 - Knowledge - INFO - [MONGODB_OP] Completed: persist, Collection: file_info, Duration: 84ms
2025-11-28 15:36:57,825 - Knowledge - INFO - [REDIS_OP] Completed: store_embedding, Key: README.md, Duration: 263ms
2025-11-28 15:36:58,031 - Knowledge - INFO - persist search terms embedding for README.md
2025-11-28 15:36:58,214 - Knowledge - INFO - process ingested knowledge for /app/data/T0015/283789/b23749o/ez-learning-283789/README.md
2025-11-28 15:36:58,421 - Knowledge - INFO - Found code-base-name: https://github.com/kavia-common/ez-learning-283789.git:kavia-master
2025-11-28 15:36:58,597 - Knowledge - INFO - Found code_base: <app.utils.kg_build.knowledge.KnowledgeCodeBase object at 0x7fb1015f7650>
2025-11-28 15:36:58,870 - Knowledge - INFO - Found code-base-name: https://github.com/kavia-common/ez-learning-283789.git:kavia-master
2025-11-28 15:36:59,084 - Knowledge - INFO - Found code_base: <app.utils.kg_build.knowledge.KnowledgeCodeBase object at 0x7fb1015f7650>
2025-11-28 15:36:59,281 - Knowledge - INFO - persist ingested knowledge for /app/data/T0015/283789/b23749o/ez-learning-283789/src/main/java/com/ezlearning/platform/controller/APIController.java
2025-11-28 15:36:59,590 - Knowledge - INFO - [MONGODB_OP] Completed: persist, Collection: file_info, Duration: 90ms
2025-11-28 15:37:00,077 - Knowledge - INFO - [REDIS_OP] Completed: store_embedding, Key: src/main/java/com/ezlearning/platform/controller/APIController.java, Duration: 296ms
2025-11-28 15:37:00,245 - Knowledge - INFO - persist search terms embedding for src/main/java/com/ezlearning/platform/controller/APIController.java
2025-11-28 15:37:00,412 - Knowledge - INFO - process ingested knowledge for /app/data/T0015/283789/b23749o/ez-learning-283789/src/main/java/com/ezlearning/platform/controller/APIController.java
2025-11-28 15:37:00,607 - Knowledge - INFO - Found code-base-name: https://github.com/kavia-common/ez-learning-283789.git:kavia-master
2025-11-28 15:37:00,783 - Knowledge - INFO - Found code_base: <app.utils.kg_build.knowledge.KnowledgeCodeBase object at 0x7fb1015f7650>
2025-11-28 15:37:01,074 - Knowledge - INFO - Found code-base-name: https://github.com/kavia-common/ez-learning-283789.git:kavia-master
2025-11-28 15:37:01,237 - Knowledge - INFO - Found code_base: <app.utils.kg_build.knowledge.KnowledgeCodeBase object at 0x7fb1015f7650>
2025-11-28 15:37:01,445 - Knowledge - INFO - persist ingested knowledge for /app/data/T0015/283789/b23749o/ez-learning-283789/src/main/resources/templates/profesores/profesor-detail.html
2025-11-28 15:37:01,736 - Knowledge - INFO - [MONGODB_OP] Completed: persist, Collection: file_info, Duration: 114ms
2025-11-28 15:37:02,528 - Knowledge - INFO - [REDIS_OP] Completed: store_embedding, Key: src/main/resources/templates/profesores/profesor-detail.html, Duration: 595ms
2025-11-28 15:37:02,684 - Knowledge - INFO - persist search terms embedding for src/main/resources/templates/profesores/profesor-detail.html
2025-11-28 15:37:02,897 - Knowledge - INFO - process ingested knowledge for /app/data/T0015/283789/b23749o/ez-learning-283789/src/main/resources/templates/profesores/profesor-detail.html
2025-11-28 15:37:03,091 - Knowledge - INFO - Found code-base-name: https://github.com/kavia-common/ez-learning-283789.git:kavia-master
2025-11-28 15:37:03,299 - Knowledge - INFO - Found code_base: <app.utils.kg_build.knowledge.KnowledgeCodeBase object at 0x7fb1015f7650>
2025-11-28 15:37:03,552 - Knowledge - INFO - Found code-base-name: https://github.com/kavia-common/ez-learning-283789.git:kavia-master
2025-11-28 15:37:03,756 - Knowledge - INFO - Found code_base: <app.utils.kg_build.knowledge.KnowledgeCodeBase object at 0x7fb1015f7650>
2025-11-28 15:37:03,947 - Knowledge - INFO - persist ingested knowledge for /app/data/T0015/283789/b23749o/ez-learning-283789/src/test/java/com/ezlearning/platform/PlatformApplicationTests.java
2025-11-28 15:37:04,266 - Knowledge - INFO - [MONGODB_OP] Completed: persist, Collection: file_info, Duration: 85ms
2025-11-28 15:37:04,690 - Knowledge - INFO - [REDIS_OP] Completed: store_embedding, Key: src/test/java/com/ezlearning/platform/PlatformApplicationTests.java, Duration: 220ms
2025-11-28 15:37:04,932 - Knowledge - INFO - persist search terms embedding for src/test/java/com/ezlearning/platform/PlatformApplicationTests.java
2025-11-28 15:37:05,128 - Knowledge - INFO - process ingested knowledge for /app/data/T0015/283789/b23749o/ez-learning-283789/src/test/java/com/ezlearning/platform/PlatformApplicationTests.java
2025-11-28 15:37:05,361 - Knowledge - INFO - Found code-base-name: https://github.com/kavia-common/ez-learning-283789.git:kavia-master
2025-11-28 15:37:05,555 - Knowledge - INFO - Found code_base: <app.utils.kg_build.knowledge.KnowledgeCodeBase object at 0x7fb1015f7650>
2025-11-28 15:37:05,810 - Knowledge - INFO - Found code-base-name: https://github.com/kavia-common/ez-learning-283789.git:kavia-master
2025-11-28 15:37:05,986 - Knowledge - INFO - Found code_base: <app.utils.kg_build.knowledge.KnowledgeCodeBase object at 0x7fb1015f7650>
2025-11-28 15:37:06,182 - Knowledge - INFO - persist ingested knowledge for /app/data/T0015/283789/b23749o/ez-learning-283789/src/main/java/com/ezlearning/platform/repositories/ProfesorRepository.java
2025-11-28 15:37:06,477 - Knowledge - INFO - [MONGODB_OP] Completed: persist, Collection: file_info, Duration: 96ms
2025-11-28 15:37:07,076 - Knowledge - INFO - [REDIS_OP] Completed: store_embedding, Key: src/main/java/com/ezlearning/platform/repositories/ProfesorRepository.java, Duration: 395ms
2025-11-28 15:37:07,252 - Knowledge - INFO - persist search terms embedding for src/main/java/com/ezlearning/platform/repositories/ProfesorRepository.java
2025-11-28 15:37:07,438 - Knowledge - INFO - process ingested knowledge for /app/data/T0015/283789/b23749o/ez-learning-283789/src/main/java/com/ezlearning/platform/repositories/ProfesorRepository.java
2025-11-28 15:37:07,642 - Knowledge - INFO - Found code-base-name: https://github.com/kavia-common/ez-learning-283789.git:kavia-master
2025-11-28 15:37:07,808 - Knowledge - INFO - Found code_base: <app.utils.kg_build.knowledge.KnowledgeCodeBase object at 0x7fb1015f7650>
2025-11-28 15:37:08,069 - Knowledge - INFO - Found code-base-name: https://github.com/kavia-common/ez-learning-283789.git:kavia-master
2025-11-28 15:37:08,226 - Knowledge - INFO - Found code_base: <app.utils.kg_build.knowledge.KnowledgeCodeBase object at 0x7fb1015f7650>
2025-11-28 15:37:08,414 - Knowledge - INFO - persist ingested knowledge for /app/data/T0015/283789/b23749o/ez-learning-283789/src/main/resources/templates/cursos/curso-edit.html
2025-11-28 15:37:08,693 - Knowledge - INFO - [MONGODB_OP] Completed: persist, Collection: file_info, Duration: 93ms
2025-11-28 15:37:09,084 - Knowledge - INFO - [REDIS_OP] Completed: store_embedding, Key: src/main/resources/templates/cursos/curso-edit.html, Duration: 228ms
2025-11-28 15:37:09,250 - Knowledge - INFO - persist search terms embedding for src/main/resources/templates/cursos/curso-edit.html
2025-11-28 15:37:09,423 - Knowledge - INFO - process ingested knowledge for /app/data/T0015/283789/b23749o/ez-learning-283789/src/main/resources/templates/cursos/curso-edit.html
2025-11-28 15:37:09,620 - Knowledge - INFO - Found code-base-name: https://github.com/kavia-common/ez-learning-283789.git:kavia-master
2025-11-28 15:37:09,850 - Knowledge - INFO - Found code_base: <app.utils.kg_build.knowledge.KnowledgeCodeBase object at 0x7fb1015f7650>
2025-11-28 15:37:10,170 - Knowledge - INFO - Found code-base-name: https://github.com/kavia-common/ez-learning-283789.git:kavia-master
2025-11-28 15:37:10,326 - Knowledge - INFO - Found code_base: <app.utils.kg_build.knowledge.KnowledgeCodeBase object at 0x7fb1015f7650>
2025-11-28 15:37:10,515 - Knowledge - INFO - persist ingested knowledge for /app/data/T0015/283789/b23749o/ez-learning-283789/src/main/java/com/ezlearning/platform/controller/ProfesorController.java
2025-11-28 15:37:10,828 - Knowledge - INFO - [MONGODB_OP] Completed: persist, Collection: file_info, Duration: 87ms
2025-11-28 15:37:11,307 - Knowledge - INFO - [REDIS_OP] Completed: store_embedding, Key: src/main/java/com/ezlearning/platform/controller/ProfesorController.java, Duration: 281ms
2025-11-28 15:37:11,523 - Knowledge - INFO - persist search terms embedding for src/main/java/com/ezlearning/platform/controller/ProfesorController.java
2025-11-28 15:37:11,728 - Knowledge - INFO - process ingested knowledge for /app/data/T0015/283789/b23749o/ez-learning-283789/src/main/java/com/ezlearning/platform/controller/ProfesorController.java
2025-11-28 15:37:11,928 - Knowledge - INFO - Found code-base-name: https://github.com/kavia-common/ez-learning-283789.git:kavia-master
2025-11-28 15:37:12,095 - Knowledge - INFO - Found code_base: <app.utils.kg_build.knowledge.KnowledgeCodeBase object at 0x7fb1015f7650>
2025-11-28 15:37:12,350 - Knowledge - INFO - Found code-base-name: https://github.com/kavia-common/ez-learning-283789.git:kavia-master
2025-11-28 15:37:12,560 - Knowledge - INFO - Found code_base: <app.utils.kg_build.knowledge.KnowledgeCodeBase object at 0x7fb1015f7650>
2025-11-28 15:37:12,755 - Knowledge - INFO - persist ingested knowledge for /app/data/T0015/283789/b23749o/ez-learning-283789/src/main/resources/templates/cursos/cursos.html
2025-11-28 15:37:13,031 - Knowledge - INFO - [MONGODB_OP] Completed: persist, Collection: file_info, Duration: 107ms
2025-11-28 15:37:13,446 - Knowledge - INFO - [REDIS_OP] Completed: store_embedding, Key: src/main/resources/templates/cursos/cursos.html, Duration: 236ms
2025-11-28 15:37:13,669 - Knowledge - INFO - persist search terms embedding for src/main/resources/templates/cursos/cursos.html
2025-11-28 15:37:13,836 - Knowledge - INFO - process ingested knowledge for /app/data/T0015/283789/b23749o/ez-learning-283789/src/main/resources/templates/cursos/cursos.html
2025-11-28 15:37:13,993 - Knowledge - INFO - Found code-base-name: https://github.com/kavia-common/ez-learning-283789.git:kavia-master
2025-11-28 15:37:14,198 - Knowledge - INFO - Found code_base: <app.utils.kg_build.knowledge.KnowledgeCodeBase object at 0x7fb1015f7650>
2025-11-28 15:37:14,455 - Knowledge - INFO - Found code-base-name: https://github.com/kavia-common/ez-learning-283789.git:kavia-master
2025-11-28 15:37:14,637 - Knowledge - INFO - Found code_base: <app.utils.kg_build.knowledge.KnowledgeCodeBase object at 0x7fb1015f7650>
2025-11-28 15:37:14,819 - Knowledge - INFO - persist ingested knowledge for /app/data/T0015/283789/b23749o/ez-learning-283789/src/main/resources/templates/profesores/profesor-add.html
2025-11-28 15:37:15,134 - Knowledge - INFO - [MONGODB_OP] Completed: persist, Collection: file_info, Duration: 84ms
2025-11-28 15:37:15,612 - Knowledge - INFO - [REDIS_OP] Completed: store_embedding, Key: src/main/resources/templates/profesores/profesor-add.html, Duration: 258ms
2025-11-28 15:37:15,842 - Knowledge - INFO - persist search terms embedding for src/main/resources/templates/profesores/profesor-add.html
2025-11-28 15:37:16,040 - Knowledge - INFO - process ingested knowledge for /app/data/T0015/283789/b23749o/ez-learning-283789/src/main/resources/templates/profesores/profesor-add.html
2025-11-28 15:37:16,254 - Knowledge - INFO - Found code-base-name: https://github.com/kavia-common/ez-learning-283789.git:kavia-master
2025-11-28 15:37:16,456 - Knowledge - INFO - Found code_base: <app.utils.kg_build.knowledge.KnowledgeCodeBase object at 0x7fb1015f7650>
2025-11-28 15:37:16,776 - Knowledge - INFO - Found code-base-name: https://github.com/kavia-common/ez-learning-283789.git:kavia-master
2025-11-28 15:37:16,954 - Knowledge - INFO - Found code_base: <app.utils.kg_build.knowledge.KnowledgeCodeBase object at 0x7fb1015f7650>
2025-11-28 15:37:17,130 - Knowledge - INFO - persist ingested knowledge for /app/data/T0015/283789/b23749o/ez-learning-283789/src/main/java/com/ezlearning/platform/dto/ProfesotDto.java
2025-11-28 15:37:17,440 - Knowledge - INFO - [MONGODB_OP] Completed: persist, Collection: file_info, Duration: 85ms
2025-11-28 15:37:17,893 - Knowledge - INFO - [REDIS_OP] Completed: store_embedding, Key: src/main/java/com/ezlearning/platform/dto/ProfesotDto.java, Duration: 271ms
2025-11-28 15:37:18,139 - Knowledge - INFO - persist search terms embedding for src/main/java/com/ezlearning/platform/dto/ProfesotDto.java
2025-11-28 15:37:18,319 - Knowledge - INFO - process ingested knowledge for /app/data/T0015/283789/b23749o/ez-learning-283789/src/main/java/com/ezlearning/platform/dto/ProfesotDto.java
2025-11-28 15:37:18,508 - Knowledge - INFO - Found code-base-name: https://github.com/kavia-common/ez-learning-283789.git:kavia-master
2025-11-28 15:37:18,713 - Knowledge - INFO - Found code_base: <app.utils.kg_build.knowledge.KnowledgeCodeBase object at 0x7fb1015f7650>
2025-11-28 15:37:18,991 - Knowledge - INFO - Found code-base-name: https://github.com/kavia-common/ez-learning-283789.git:kavia-master
2025-11-28 15:37:19,188 - Knowledge - INFO - Found code_base: <app.utils.kg_build.knowledge.KnowledgeCodeBase object at 0x7fb1015f7650>
2025-11-28 15:37:19,393 - Knowledge - INFO - persist ingested knowledge for /app/data/T0015/283789/b23749o/ez-learning-283789/src/main/java/com/ezlearning/platform/controller/IndexController.java
2025-11-28 15:37:19,664 - Knowledge - INFO - [MONGODB_OP] Completed: persist, Collection: file_info, Duration: 89ms
2025-11-28 15:37:20,214 - Knowledge - INFO - [REDIS_OP] Completed: store_embedding, Key: src/main/java/com/ezlearning/platform/controller/IndexController.java, Duration: 342ms
2025-11-28 15:37:20,370 - Knowledge - INFO - persist search terms embedding for src/main/java/com/ezlearning/platform/controller/IndexController.java
2025-11-28 15:37:20,550 - Knowledge - INFO - process ingested knowledge for /app/data/T0015/283789/b23749o/ez-learning-283789/src/main/java/com/ezlearning/platform/controller/IndexController.java
2025-11-28 15:37:20,744 - Knowledge - INFO - Found code-base-name: https://github.com/kavia-common/ez-learning-283789.git:kavia-master
2025-11-28 15:37:20,953 - Knowledge - INFO - Found code_base: <app.utils.kg_build.knowledge.KnowledgeCodeBase object at 0x7fb1015f7650>
2025-11-28 15:37:21,232 - Knowledge - INFO - Found code-base-name: https://github.com/kavia-common/ez-learning-283789.git:kavia-master
2025-11-28 15:37:21,398 - Knowledge - INFO - Found code_base: <app.utils.kg_build.knowledge.KnowledgeCodeBase object at 0x7fb1015f7650>
2025-11-28 15:37:21,575 - Knowledge - INFO - persist ingested knowledge for /app/data/T0015/283789/b23749o/ez-learning-283789/src/main/java/com/ezlearning/platform/dto/MatriculaDto.java
2025-11-28 15:37:21,833 - Knowledge - INFO - [MONGODB_OP] Completed: persist, Collection: file_info, Duration: 95ms
2025-11-28 15:37:22,319 - Knowledge - INFO - [REDIS_OP] Completed: store_embedding, Key: src/main/java/com/ezlearning/platform/dto/MatriculaDto.java, Duration: 303ms
2025-11-28 15:37:22,482 - Knowledge - INFO - persist search terms embedding for src/main/java/com/ezlearning/platform/dto/MatriculaDto.java
2025-11-28 15:37:22,662 - Knowledge - INFO - process ingested knowledge for /app/data/T0015/283789/b23749o/ez-learning-283789/src/main/java/com/ezlearning/platform/dto/MatriculaDto.java
2025-11-28 15:37:22,841 - Knowledge - INFO - Found code-base-name: https://github.com/kavia-common/ez-learning-283789.git:kavia-master
2025-11-28 15:37:22,991 - Knowledge - INFO - Found code_base: <app.utils.kg_build.knowledge.KnowledgeCodeBase object at 0x7fb1015f7650>
2025-11-28 15:37:23,277 - Knowledge - INFO - Found code-base-name: https://github.com/kavia-common/ez-learning-283789.git:kavia-master
2025-11-28 15:37:23,467 - Knowledge - INFO - Found code_base: <app.utils.kg_build.knowledge.KnowledgeCodeBase object at 0x7fb1015f7650>
2025-11-28 15:37:23,656 - Knowledge - INFO - persist ingested knowledge for /app/data/T0015/283789/b23749o/ez-learning-283789/src/main/java/com/ezlearning/platform/controller/SecurityController.java
2025-11-28 15:37:23,925 - Knowledge - INFO - [MONGODB_OP] Completed: persist, Collection: file_info, Duration: 85ms
2025-11-28 15:37:24,429 - Knowledge - INFO - [REDIS_OP] Completed: store_embedding, Key: src/main/java/com/ezlearning/platform/controller/SecurityController.java, Duration: 298ms
2025-11-28 15:37:24,648 - Knowledge - INFO - persist search terms embedding for src/main/java/com/ezlearning/platform/controller/SecurityController.java
2025-11-28 15:37:24,830 - Knowledge - INFO - process ingested knowledge for /app/data/T0015/283789/b23749o/ez-learning-283789/src/main/java/com/ezlearning/platform/controller/SecurityController.java
2025-11-28 15:37:25,006 - Knowledge - INFO - Found code-base-name: https://github.com/kavia-common/ez-learning-283789.git:kavia-master
2025-11-28 15:37:25,187 - Knowledge - INFO - Found code_base: <app.utils.kg_build.knowledge.KnowledgeCodeBase object at 0x7fb1015f7650>
2025-11-28 15:37:25,454 - Knowledge - INFO - Found code-base-name: https://github.com/kavia-common/ez-learning-283789.git:kavia-master
2025-11-28 15:37:25,659 - Knowledge - INFO - Found code_base: <app.utils.kg_build.knowledge.KnowledgeCodeBase object at 0x7fb1015f7650>
2025-11-28 15:37:25,845 - Knowledge - INFO - persist ingested knowledge for /app/data/T0015/283789/b23749o/ez-learning-283789/src/main/resources/templates/register.html
2025-11-28 15:37:26,128 - Knowledge - INFO - [MONGODB_OP] Completed: persist, Collection: file_info, Duration: 92ms
2025-11-28 15:37:26,534 - Knowledge - INFO - [REDIS_OP] Completed: store_embedding, Key: src/main/resources/templates/register.html, Duration: 223ms
2025-11-28 15:37:26,704 - Knowledge - INFO - persist search terms embedding for src/main/resources/templates/register.html
2025-11-28 15:37:26,897 - Knowledge - INFO - process ingested knowledge for /app/data/T0015/283789/b23749o/ez-learning-283789/src/main/resources/templates/register.html
2025-11-28 15:37:27,109 - Knowledge - INFO - Found code-base-name: https://github.com/kavia-common/ez-learning-283789.git:kavia-master
2025-11-28 15:37:27,279 - Knowledge - INFO - Found code_base: <app.utils.kg_build.knowledge.KnowledgeCodeBase object at 0x7fb1015f7650>
2025-11-28 15:37:27,543 - Knowledge - INFO - Found code-base-name: https://github.com/kavia-common/ez-learning-283789.git:kavia-master
2025-11-28 15:37:27,714 - Knowledge - INFO - Found code_base: <app.utils.kg_build.knowledge.KnowledgeCodeBase object at 0x7fb1015f7650>
2025-11-28 15:37:27,919 - Knowledge - INFO - persist ingested knowledge for /app/data/T0015/283789/b23749o/ez-learning-283789/src/main/java/com/ezlearning/platform/services/core/impl/MatriculaService.java
2025-11-28 15:37:28,219 - Knowledge - INFO - [MONGODB_OP] Completed: persist, Collection: file_info, Duration: 86ms
2025-11-28 15:37:28,715 - Knowledge - INFO - [REDIS_OP] Completed: store_embedding, Key: src/main/java/com/ezlearning/platform/services/core/impl/MatriculaService.java, Duration: 270ms
2025-11-28 15:37:28,887 - Knowledge - INFO - persist search terms embedding for src/main/java/com/ezlearning/platform/services/core/impl/MatriculaService.java
2025-11-28 15:37:29,136 - Knowledge - INFO - process ingested knowledge for /app/data/T0015/283789/b23749o/ez-learning-283789/src/main/java/com/ezlearning/platform/services/core/impl/MatriculaService.java
2025-11-28 15:37:29,307 - Knowledge - INFO - Found code-base-name: https://github.com/kavia-common/ez-learning-283789.git:kavia-master
2025-11-28 15:37:29,476 - Knowledge - INFO - Found code_base: <app.utils.kg_build.knowledge.KnowledgeCodeBase object at 0x7fb1015f7650>
2025-11-28 15:37:29,774 - Knowledge - INFO - Found code-base-name: https://github.com/kavia-common/ez-learning-283789.git:kavia-master
2025-11-28 15:37:29,940 - Knowledge - INFO - Found code_base: <app.utils.kg_build.knowledge.KnowledgeCodeBase object at 0x7fb1015f7650>
2025-11-28 15:37:30,122 - Knowledge - INFO - persist ingested knowledge for /app/data/T0015/283789/b23749o/ez-learning-283789/src/main/resources/templates/fragments/footer.html
2025-11-28 15:37:30,429 - Knowledge - INFO - [MONGODB_OP] Completed: persist, Collection: file_info, Duration: 94ms
2025-11-28 15:37:30,943 - Knowledge - INFO - [REDIS_OP] Completed: store_embedding, Key: src/main/resources/templates/fragments/footer.html, Duration: 302ms
2025-11-28 15:37:31,156 - Knowledge - INFO - persist search terms embedding for src/main/resources/templates/fragments/footer.html
2025-11-28 15:37:31,363 - Knowledge - INFO - process ingested knowledge for /app/data/T0015/283789/b23749o/ez-learning-283789/src/main/resources/templates/fragments/footer.html
2025-11-28 15:37:31,565 - Knowledge - INFO - Found code-base-name: https://github.com/kavia-common/ez-learning-283789.git:kavia-master
2025-11-28 15:37:31,762 - Knowledge - INFO - Found code_base: <app.utils.kg_build.knowledge.KnowledgeCodeBase object at 0x7fb1015f7650>
2025-11-28 15:37:32,022 - Knowledge - INFO - Found code-base-name: https://github.com/kavia-common/ez-learning-283789.git:kavia-master
2025-11-28 15:37:32,219 - Knowledge - INFO - Found code_base: <app.utils.kg_build.knowledge.KnowledgeCodeBase object at 0x7fb1015f7650>
2025-11-28 15:37:32,462 - Knowledge - INFO - persist ingested knowledge for /app/data/T0015/283789/b23749o/ez-learning-283789/pom.xml
2025-11-28 15:37:32,746 - Knowledge - INFO - [MONGODB_OP] Completed: persist, Collection: file_info, Duration: 83ms
2025-11-28 15:37:33,255 - Knowledge - INFO - [REDIS_OP] Completed: store_embedding, Key: pom.xml, Duration: 296ms
2025-11-28 15:37:33,454 - Knowledge - INFO - persist search terms embedding for pom.xml
2025-11-28 15:37:33,628 - Knowledge - INFO - process ingested knowledge for /app/data/T0015/283789/b23749o/ez-learning-283789/pom.xml
2025-11-28 15:37:33,867 - Knowledge - INFO - Found code-base-name: https://github.com/kavia-common/ez-learning-283789.git:kavia-master
2025-11-28 15:37:34,033 - Knowledge - INFO - Found code_base: <app.utils.kg_build.knowledge.KnowledgeCodeBase object at 0x7fb1015f7650>
2025-11-28 15:37:34,336 - Knowledge - INFO - Found code-base-name: https://github.com/kavia-common/ez-learning-283789.git:kavia-master
2025-11-28 15:37:34,498 - Knowledge - INFO - Found code_base: <app.utils.kg_build.knowledge.KnowledgeCodeBase object at 0x7fb1015f7650>
2025-11-28 15:37:34,679 - Knowledge - INFO - persist ingested knowledge for /app/data/T0015/283789/b23749o/ez-learning-283789/src/main/resources/static/js/init.js
2025-11-28 15:37:34,950 - Knowledge - INFO - [MONGODB_OP] Completed: persist, Collection: file_info, Duration: 80ms
2025-11-28 15:37:35,390 - Knowledge - INFO - [REDIS_OP] Completed: store_embedding, Key: src/main/resources/static/js/init.js, Duration: 264ms
2025-11-28 15:37:35,560 - Knowledge - INFO - persist search terms embedding for src/main/resources/static/js/init.js
2025-11-28 15:37:35,776 - Knowledge - INFO - process ingested knowledge for /app/data/T0015/283789/b23749o/ez-learning-283789/src/main/resources/static/js/init.js
2025-11-28 15:37:35,943 - Knowledge - INFO - Found code-base-name: https://github.com/kavia-common/ez-learning-283789.git:kavia-master
2025-11-28 15:37:36,132 - Knowledge - INFO - Found code_base: <app.utils.kg_build.knowledge.KnowledgeCodeBase object at 0x7fb1015f7650>
2025-11-28 15:37:36,436 - Knowledge - INFO - Found code-base-name: https://github.com/kavia-common/ez-learning-283789.git:kavia-master
2025-11-28 15:37:36,628 - Knowledge - INFO - Found code_base: <app.utils.kg_build.knowledge.KnowledgeCodeBase object at 0x7fb1015f7650>
2025-11-28 15:37:36,871 - Knowledge - INFO - persist ingested knowledge for /app/data/T0015/283789/b23749o/ez-learning-283789/src/main/java/com/ezlearning/platform/security/ApplicationSecurityConfiguration.java
2025-11-28 15:37:37,123 - Knowledge - INFO - [MONGODB_OP] Completed: persist, Collection: file_info, Duration: 82ms
2025-11-28 15:37:37,662 - Knowledge - INFO - [REDIS_OP] Completed: store_embedding, Key: src/main/java/com/ezlearning/platform/security/ApplicationSecurityConfiguration.java, Duration: 343ms
2025-11-28 15:37:37,862 - Knowledge - INFO - persist search terms embedding for src/main/java/com/ezlearning/platform/security/ApplicationSecurityConfiguration.java
2025-11-28 15:37:38,078 - Knowledge - INFO - process ingested knowledge for /app/data/T0015/283789/b23749o/ez-learning-283789/src/main/java/com/ezlearning/platform/security/ApplicationSecurityConfiguration.java
2025-11-28 15:37:38,260 - Knowledge - INFO - Found code-base-name: https://github.com/kavia-common/ez-learning-283789.git:kavia-master
2025-11-28 15:37:38,443 - Knowledge - INFO - Found code_base: <app.utils.kg_build.knowledge.KnowledgeCodeBase object at 0x7fb1015f7650>
2025-11-28 15:37:38,689 - Knowledge - INFO - Found code-base-name: https://github.com/kavia-common/ez-learning-283789.git:kavia-master
2025-11-28 15:37:38,854 - Knowledge - INFO - Found code_base: <app.utils.kg_build.knowledge.KnowledgeCodeBase object at 0x7fb1015f7650>
2025-11-28 15:37:39,090 - Knowledge - INFO - persist ingested knowledge for /app/data/T0015/283789/b23749o/ez-learning-283789/src/main/java/com/ezlearning/platform/controller/CursoController.java
2025-11-28 15:37:39,388 - Knowledge - INFO - [MONGODB_OP] Completed: persist, Collection: file_info, Duration: 86ms
2025-11-28 15:37:39,828 - Knowledge - INFO - [REDIS_OP] Completed: store_embedding, Key: src/main/java/com/ezlearning/platform/controller/CursoController.java, Duration: 229ms
2025-11-28 15:37:40,030 - Knowledge - INFO - persist search terms embedding for src/main/java/com/ezlearning/platform/controller/CursoController.java
2025-11-28 15:37:40,242 - Knowledge - INFO - process ingested knowledge for /app/data/T0015/283789/b23749o/ez-learning-283789/src/main/java/com/ezlearning/platform/controller/CursoController.java
2025-11-28 15:37:40,459 - Knowledge - INFO - Found code-base-name: https://github.com/kavia-common/ez-learning-283789.git:kavia-master
2025-11-28 15:37:40,631 - Knowledge - INFO - Found code_base: <app.utils.kg_build.knowledge.KnowledgeCodeBase object at 0x7fb1015f7650>
2025-11-28 15:37:40,933 - Knowledge - INFO - Found code-base-name: https://github.com/kavia-common/ez-learning-283789.git:kavia-master
2025-11-28 15:37:41,146 - Knowledge - INFO - Found code_base: <app.utils.kg_build.knowledge.KnowledgeCodeBase object at 0x7fb1015f7650>
2025-11-28 15:37:41,316 - Knowledge - INFO - persist ingested knowledge for /app/data/T0015/283789/b23749o/ez-learning-283789/src/main/resources/templates/login.html
2025-11-28 15:37:41,598 - Knowledge - INFO - [MONGODB_OP] Completed: persist, Collection: file_info, Duration: 90ms
2025-11-28 15:37:41,959 - Knowledge - INFO - [REDIS_OP] Completed: store_embedding, Key: src/main/resources/templates/login.html, Duration: 188ms
2025-11-28 15:37:42,164 - Knowledge - INFO - persist search terms embedding for src/main/resources/templates/login.html
2025-11-28 15:37:42,326 - Knowledge - INFO - process ingested knowledge for /app/data/T0015/283789/b23749o/ez-learning-283789/src/main/resources/templates/login.html
2025-11-28 15:37:42,534 - Knowledge - INFO - Found code-base-name: https://github.com/kavia-common/ez-learning-283789.git:kavia-master
2025-11-28 15:37:42,697 - Knowledge - INFO - Found code_base: <app.utils.kg_build.knowledge.KnowledgeCodeBase object at 0x7fb1015f7650>
2025-11-28 15:37:42,957 - Knowledge - INFO - Found code-base-name: https://github.com/kavia-common/ez-learning-283789.git:kavia-master
2025-11-28 15:37:43,187 - Knowledge - INFO - Found code_base: <app.utils.kg_build.knowledge.KnowledgeCodeBase object at 0x7fb1015f7650>
2025-11-28 15:37:43,392 - Knowledge - INFO - persist ingested knowledge for /app/data/T0015/283789/b23749o/ez-learning-283789/src/main/java/com/ezlearning/platform/repositories/CursoRepository.java
2025-11-28 15:37:43,641 - Knowledge - INFO - [MONGODB_OP] Completed: persist, Collection: file_info, Duration: 95ms
2025-11-28 15:37:44,017 - Knowledge - INFO - [REDIS_OP] Completed: store_embedding, Key: src/main/java/com/ezlearning/platform/repositories/CursoRepository.java, Duration: 202ms
2025-11-28 15:37:44,250 - Knowledge - INFO - persist search terms embedding for src/main/java/com/ezlearning/platform/repositories/CursoRepository.java
2025-11-28 15:37:44,476 - Knowledge - INFO - process ingested knowledge for /app/data/T0015/283789/b23749o/ez-learning-283789/src/main/java/com/ezlearning/platform/repositories/CursoRepository.java
2025-11-28 15:37:44,713 - Knowledge - INFO - Loaded 60 files from persisted knowledge
2025-11-28 15:37:44,904 - Knowledge - INFO - load persisted knowledge: end
2025-11-28 15:37:45,134 - Knowledge - INFO - Redis support added with prefix knowledge:b23749o:
2025-11-28 15:37:45,453 - Knowledge - INFO - Starting knowledge initialization for ID: gTFqoT-b23749o
2025-11-28 15:37:45,646 - Knowledge - INFO - 🔍 Checking Redis for build_id: b23749o
2025-11-28 15:37:45,852 - Knowledge - INFO - 🔍 Full session ID: gTFqoT-b23749o
2025-11-28 15:37:46,053 - Knowledge - INFO - 🔍 Redis prefix will be: knowledge:b23749o:
2025-11-28 15:37:46,254 - Knowledge - INFO - 🔍 Using attached load_from_redis() method
2025-11-28 15:37:46,459 - Knowledge - INFO - 🔍 Attempting to load knowledge from Redis...
2025-11-28 15:37:46,642 - Knowledge - INFO - 🔍 Using derived instance_id for Redis lookup: b23749o
2025-11-28 15:37:50,660 - Knowledge - INFO - ✅ Redis cache found! Loading knowledge...
2025-11-28 15:37:50,849 - Knowledge - INFO - ✅ Successfully loaded from Redis: 60 files
2025-11-28 15:37:51,024 - Knowledge - INFO - ✅ Redis load complete: 60 files in 4.77s
2025-11-28 15:37:51,274 - Knowledge - INFO - ⚡ Total Redis path: 4.77s (vs ~300s from disk)
2025-11-28 15:37:51,473 - Knowledge - INFO - Saving knowledge to Redis...
2025-11-28 15:37:51,710 - Knowledge - INFO - Knowledge saved to Redis successfully
